episode_id,predicted_task,instruction
episode1,put_bottles_dustbin,"In a fixed robotic workspace, generate a rigid, physically consistent embodied robotic arm. The arm maintains high stability with no deformation and enters the frame to Use arms to pick the bottle with small ridged green cap, drop it in the smooth black dustbin, repeat for the bottle with ribbed design and the hand-sized drinking bottle."
episode2,place_can_basket,"In a fixed robotic workspace, generate a rigid, physically consistent embodied robotic arm. The arm maintains high stability with no deformation and enters the frame to Grab the red soda can with green accents, drop it into the basket for carrying things, then use another arm for the basket for carrying things."
episode3,stack_blocks_three,"In a fixed robotic workspace, generate a rigid, physically consistent embodied robotic arm. The arm maintains high stability with no deformation and enters the frame to Bring red block, green block, and blue block to the middle. Stack green block onto red block and blue block onto green block."
episode4,stack_bowls_three,"In a fixed robotic workspace, generate a rigid, physically consistent embodied robotic arm. The arm maintains high stability with no deformation and enters the frame to Pick up the curved bowl light blue shade and stack them from biggest to smallest."
episode5,beat_block_hammer,"In a fixed robotic workspace, generate a rigid, physically consistent embodied robotic arm. The arm maintains high stability with no deformation and enters the frame to Pick up the grippy handle hammer with the left arm, strike the block."
episode6,place_burger_fries,"In a fixed robotic workspace, generate a rigid, physically consistent embodied robotic arm. The arm maintains high stability with no deformation and enters the frame to Pick the smooth orange and white hamburg, the red box with golden sticks, and place them on the solid green palm-sized tray using both arms."
episode7,click_alarmclock,"In a fixed robotic workspace, generate a rigid, physically consistent embodied robotic arm. The arm maintains high stability with no deformation and enters the frame to Guide the right arm to press the centered button on the palm-sized alarm-clock."
episode8,press_stapler,"In a fixed robotic workspace, generate a rigid, physically consistent embodied robotic arm. The arm maintains high stability with no deformation and enters the frame to Firmly press the blue plastic stapler with silver metal using an arm."
episode9,open_microwave,"In a fixed robotic workspace, generate a rigid, physically consistent embodied robotic arm. The arm maintains high stability with no deformation and enters the frame to Pull and open the medium microwave with slanted sides."
episode10,place_cans_plasticbox,"In a fixed robotic workspace, generate a rigid, physically consistent embodied robotic arm. The arm maintains high stability with no deformation and enters the frame to Lift the red beverage can with curved top, put it in the blue plasticbox for storing things, then handle the smooth white can with accents similarly."
episode11,handover_mic,"In a fixed robotic workspace, generate a rigid, physically consistent embodied robotic arm. The arm maintains high stability with no deformation and enters the frame to Pick up the rounded white tip microphone and hand it to the other side."
episode12,rotate_qrcode,"In a fixed robotic workspace, generate a rigid, physically consistent embodied robotic arm. The arm maintains high stability with no deformation and enters the frame to Catch the paymentsign using the right arm, pick it up, and turn it to face the QR code."
episode13,place_a2b_left,"In a fixed robotic workspace, generate a rigid, physically consistent embodied robotic arm. The arm maintains high stability with no deformation and enters the frame to Set the bread with warm golden color on the left side of the rounded bar of dark soap."
episode14,place_fan,"In a fixed robotic workspace, generate a rigid, physically consistent embodied robotic arm. The arm maintains high stability with no deformation and enters the frame to With the left arm, grab the fan with rectangular base, align it to face the robot, and put it on the Blue mat."
episode15,place_object_stand,"In a fixed robotic workspace, generate a rigid, physically consistent embodied robotic arm. The arm maintains high stability with no deformation and enters the frame to Set the mouse with scroll wheel in center on the black displaystand using the right arm"
episode16,place_can_basket,"In a fixed robotic workspace, generate a rigid, physically consistent embodied robotic arm. The arm maintains high stability with no deformation and enters the frame to Use the left arm to grab the medium metal can and place in the basket with handle, lift the basket with handle with another arm."
episode17,put_bottles_dustbin,"In a fixed robotic workspace, generate a rigid, physically consistent embodied robotic arm. The arm maintains high stability with no deformation and enters the frame to Carry the yellow bottle body with tapered neck first, drop it into the smooth black dustbin, repeat with the transparent bottle and the red and black beverage bottle."
episode18,blocks_ranking_rgb,"In a fixed robotic workspace, generate a rigid, physically consistent embodied robotic arm. The arm maintains high stability with no deformation and enters the frame to Start with red block on the left, followed by green block next to red block, and end with blue block on the far right."
episode19,place_shoe,"In a fixed robotic workspace, generate a rigid, physically consistent embodied robotic arm. The arm maintains high stability with no deformation and enters the frame to Use the left arm to lift the footwear with padded heel from the table and set it on the mat"
episode20,open_laptop,"In a fixed robotic workspace, generate a rigid, physically consistent embodied robotic arm. The arm maintains high stability with no deformation and enters the frame to Raise the silver laptop with foldable parts using the left arm firmly."
episode21,place_bread_basket,"In a fixed robotic workspace, generate a rigid, physically consistent embodied robotic arm. The arm maintains high stability with no deformation and enters the frame to Put the smooth loaf with rounded edges into the smooth beige breadbasket using an arm."
episode22,put_object_cabinet,"In a fixed robotic workspace, generate a rigid, physically consistent embodied robotic arm. The arm maintains high stability with no deformation and enters the frame to Open the cabinet with gray sides's drawer and transfer the bread with golden-brown crust into it."
episode23,open_microwave,"In a fixed robotic workspace, generate a rigid, physically consistent embodied robotic arm. The arm maintains high stability with no deformation and enters the frame to Pull the door to open the microwave for heating food."
episode24,place_bread_skillet,"In a fixed robotic workspace, generate a rigid, physically consistent embodied robotic arm. The arm maintains high stability with no deformation and enters the frame to Transfer the brown bread loaf into the heavy black cooking skillet from the table"
episode25,place_mouse_pad,"In a fixed robotic workspace, generate a rigid, physically consistent embodied robotic arm. The arm maintains high stability with no deformation and enters the frame to Lift the palm-fitting mouse and stick it on Gray mat."
episode26,place_bread_skillet,"In a fixed robotic workspace, generate a rigid, physically consistent embodied robotic arm. The arm maintains high stability with no deformation and enters the frame to Use the right arm to grab the golden brown bread and set it in the metal skillet with comfortable grip."
episode27,place_fan,"In a fixed robotic workspace, generate a rigid, physically consistent embodied robotic arm. The arm maintains high stability with no deformation and enters the frame to Grab the portable white fan and position it on the Brown mat, ensuring it faces the robot."
episode28,place_container_plate,"In a fixed robotic workspace, generate a rigid, physically consistent embodied robotic arm. The arm maintains high stability with no deformation and enters the frame to Lift the container with the bowl with deep black hollow, then place it onto the medium plate for food."
episode29,pick_dual_bottles,"In a fixed robotic workspace, generate a rigid, physically consistent embodied robotic arm. The arm maintains high stability with no deformation and enters the frame to Hold the grooved orange drink bottle in one arm, the medium bottle with smooth texture in the other."
episode30,put_bottles_dustbin,"In a fixed robotic workspace, generate a rigid, physically consistent embodied robotic arm. The arm maintains high stability with no deformation and enters the frame to Pick the cylindrical yellow bottle for holding liquids, the bottle with ribbed design, and the hand-sized drinking bottle one at a time and put them into the trash bin."
episode31,place_mouse_pad,"In a fixed robotic workspace, generate a rigid, physically consistent embodied robotic arm. The arm maintains high stability with no deformation and enters the frame to Slide the the mouse with curved ergonomic shape onto the Gray mat gently."
episode32,stack_bowls_two,"In a fixed robotic workspace, generate a rigid, physically consistent embodied robotic arm. The arm maintains high stability with no deformation and enters the frame to the blue bowl with slightly rounded base goes at the bottom, the rounded bowl with light blue color rests above."
episode33,put_object_cabinet,"In a fixed robotic workspace, generate a rigid, physically consistent embodied robotic arm. The arm maintains high stability with no deformation and enters the frame to Pull open the cabinet with metal reinforcements's drawer and place the rectangular yellow tea box inside."
episode34,place_burger_fries,"In a fixed robotic workspace, generate a rigid, physically consistent embodied robotic arm. The arm maintains high stability with no deformation and enters the frame to Pick up the golden brown and white hamburg and the small red fries packet, then put them on the tray with rounded rectangular shape"
episode35,stack_bowls_three,"In a fixed robotic workspace, generate a rigid, physically consistent embodied robotic arm. The arm maintains high stability with no deformation and enters the frame to Use arms to place each the medium-sized bowl for holding food atop the previous one."
episode36,pick_dual_bottles,"In a fixed robotic workspace, generate a rigid, physically consistent embodied robotic arm. The arm maintains high stability with no deformation and enters the frame to Lift both the medium dark brown bottle and the ridged orange bottle with grooves simultaneously."
episode37,place_empty_cup,"In a fixed robotic workspace, generate a rigid, physically consistent embodied robotic arm. The arm maintains high stability with no deformation and enters the frame to Move the cylindrical light blue cup to the small coaster with grain texture and set it down."
episode38,place_shoe,"In a fixed robotic workspace, generate a rigid, physically consistent embodied robotic arm. The arm maintains high stability with no deformation and enters the frame to Pick up the medium-sized adult shoe with the right arm from the table and place it on the mat"
episode39,blocks_ranking_rgb,"In a fixed robotic workspace, generate a rigid, physically consistent embodied robotic arm. The arm maintains high stability with no deformation and enters the frame to First, place red block, then green block beside it, and finally blue block next to green block."
episode40,place_a2b_right,"In a fixed robotic workspace, generate a rigid, physically consistent embodied robotic arm. The arm maintains high stability with no deformation and enters the frame to Bring the black stapler with rectangular base to the right position of the rounded rectangular blue soap bar."
episode41,blocks_ranking_rgb,"In a fixed robotic workspace, generate a rigid, physically consistent embodied robotic arm. The arm maintains high stability with no deformation and enters the frame to Position red block, green block, and blue block on a surface from left to right in the order red, green, blue."
episode42,move_pillbottle_pad,"In a fixed robotic workspace, generate a rigid, physically consistent embodied robotic arm. The arm maintains high stability with no deformation and enters the frame to Pick the small brown bottle with white accents with the right arm and position it onto pad"
episode43,put_bottles_dustbin,"In a fixed robotic workspace, generate a rigid, physically consistent embodied robotic arm. The arm maintains high stability with no deformation and enters the frame to Grab the yellow bottle, the bottle with ribbed design, and the bottle with curved body shape and put them sequentially into the trash bin."
episode44,handover_mic,"In a fixed robotic workspace, generate a rigid, physically consistent embodied robotic arm. The arm maintains high stability with no deformation and enters the frame to Hold the microphone with textured metal head firmly and pass it to the other arm."
episode45,place_bread_skillet,"In a fixed robotic workspace, generate a rigid, physically consistent embodied robotic arm. The arm maintains high stability with no deformation and enters the frame to Grab the soft golden baked bread and drop it into the dark pan with sturdy grip"
episode46,put_object_cabinet,"In a fixed robotic workspace, generate a rigid, physically consistent embodied robotic arm. The arm maintains high stability with no deformation and enters the frame to Slide open the medium-sized cabinet's drawer and set the smooth tea box with print inside."
episode47,handover_block,"In a fixed robotic workspace, generate a rigid, physically consistent embodied robotic arm. The arm maintains high stability with no deformation and enters the frame to Move the red block using the left arm."
episode48,grab_roller,"In a fixed robotic workspace, generate a rigid, physically consistent embodied robotic arm. The arm maintains high stability with no deformation and enters the frame to Lift the medium roller with narrower tips from the table carefully."
episode49,press_stapler,"In a fixed robotic workspace, generate a rigid, physically consistent embodied robotic arm. The arm maintains high stability with no deformation and enters the frame to Apply force to the small office stapler to staple."
episode50,click_bell,"In a fixed robotic workspace, generate a rigid, physically consistent embodied robotic arm. The arm maintains high stability with no deformation and enters the frame to Command the left arm to press the bell with circular body's top."
episode51,place_a2b_right,"In a fixed robotic workspace, generate a rigid, physically consistent embodied robotic arm. The arm maintains high stability with no deformation and enters the frame to Using the right arm, position the compact box for playing cards to the right of the stapler in bright red color."
episode52,stamp_seal,"In a fixed robotic workspace, generate a rigid, physically consistent embodied robotic arm. The arm maintains high stability with no deformation and enters the frame to the left arm picks the plastic red and black seal, stamps Beige"
episode53,adjust_bottle,"In a fixed robotic workspace, generate a rigid, physically consistent embodied robotic arm. The arm maintains high stability with no deformation and enters the frame to Carefully grab the plastic drink bottle head-up"
episode54,handover_mic,"In a fixed robotic workspace, generate a rigid, physically consistent embodied robotic arm. The arm maintains high stability with no deformation and enters the frame to Grasp the long microphone with smooth teal grip and shift it to the opposite hand."
episode55,place_a2b_left,"In a fixed robotic workspace, generate a rigid, physically consistent embodied robotic arm. The arm maintains high stability with no deformation and enters the frame to With the right arm, stick the small blue and brown bell left of the phone with camera lens at back"
episode56,place_empty_cup,"In a fixed robotic workspace, generate a rigid, physically consistent embodied robotic arm. The arm maintains high stability with no deformation and enters the frame to Grab the rounded base blue cup and place it over the wooden coaster."
episode57,place_object_scale,"In a fixed robotic workspace, generate a rigid, physically consistent embodied robotic arm. The arm maintains high stability with no deformation and enters the frame to Pick up the bell with metallic top and plastic base and set it on the black and white electronicscale"
episode58,put_bottles_dustbin,"In a fixed robotic workspace, generate a rigid, physically consistent embodied robotic arm. The arm maintains high stability with no deformation and enters the frame to With arms, place the green-striped cap on yellow bottle, the cylindrical bottle, and the plastic bottle with red cap into the medium-sized black plastic dustbin step by step."
episode59,lift_pot,"In a fixed robotic workspace, generate a rigid, physically consistent embodied robotic arm. The arm maintains high stability with no deformation and enters the frame to Securely lift the metal kitchenpot together"
episode60,place_empty_cup,"In a fixed robotic workspace, generate a rigid, physically consistent embodied robotic arm. The arm maintains high stability with no deformation and enters the frame to Carefully place the light blue plastic cup onto the flat round wooden coaster without arm"
episode61,place_empty_cup,"In a fixed robotic workspace, generate a rigid, physically consistent embodied robotic arm. The arm maintains high stability with no deformation and enters the frame to Lift the cup with light blue color and place it onto the smooth round palm-sized coaster."
episode62,move_playingcard_away,"In a fixed robotic workspace, generate a rigid, physically consistent embodied robotic arm. The arm maintains high stability with no deformation and enters the frame to Take the box for playingcards and place it beyond the table."
episode63,place_mouse_pad,"In a fixed robotic workspace, generate a rigid, physically consistent embodied robotic arm. The arm maintains high stability with no deformation and enters the frame to Grab the plastic mouse and move it onto the Blue mat."
episode64,pick_diverse_bottles,"In a fixed robotic workspace, generate a rigid, physically consistent embodied robotic arm. The arm maintains high stability with no deformation and enters the frame to Grab the medium dark brown bottle and the smooth green plastic bottle one by one."
episode65,pick_diverse_bottles,"In a fixed robotic workspace, generate a rigid, physically consistent embodied robotic arm. The arm maintains high stability with no deformation and enters the frame to Grab and hold the bottle with green cap, then grab the yellow text bottle."
episode66,shake_bottle_horizontally,"In a fixed robotic workspace, generate a rigid, physically consistent embodied robotic arm. The arm maintains high stability with no deformation and enters the frame to Pick up the medium-sized green bottle using the right arm and shake sideways."
episode67,open_laptop,"In a fixed robotic workspace, generate a rigid, physically consistent embodied robotic arm. The arm maintains high stability with no deformation and enters the frame to Use the right arm to raise the hinged laptop with screen and base."
episode68,adjust_bottle,"In a fixed robotic workspace, generate a rigid, physically consistent embodied robotic arm. The arm maintains high stability with no deformation and enters the frame to Lift the long thin bottle from the table upright"
episode69,hanging_mug,"In a fixed robotic workspace, generate a rigid, physically consistent embodied robotic arm. The arm maintains high stability with no deformation and enters the frame to Use your left arm to grab the drinking mug with smooth body, rotate it, set it down, then hang on the angular rack with slanted support rod."
episode70,adjust_bottle,"In a fixed robotic workspace, generate a rigid, physically consistent embodied robotic arm. The arm maintains high stability with no deformation and enters the frame to Pick the smooth bottle with red lid head-up using the right arm"
episode71,beat_block_hammer,"In a fixed robotic workspace, generate a rigid, physically consistent embodied robotic arm. The arm maintains high stability with no deformation and enters the frame to With the right arm, grab the silver curved hammer head and beat the block."
episode72,move_playingcard_away,"In a fixed robotic workspace, generate a rigid, physically consistent embodied robotic arm. The arm maintains high stability with no deformation and enters the frame to Shift the box for playingcards outward by grabbing it with the left arm."
episode73,place_burger_fries,"In a fixed robotic workspace, generate a rigid, physically consistent embodied robotic arm. The arm maintains high stability with no deformation and enters the frame to Lift the hamburg box with lid, lift the Handheld fries pack bright red color, then set both on the medium rectangular flat tray."
episode74,move_can_pot,"In a fixed robotic workspace, generate a rigid, physically consistent embodied robotic arm. The arm maintains high stability with no deformation and enters the frame to Use the left arm to take the white label brown lidded can to the black kitchenpot with flat lid"
episode75,place_can_basket,"In a fixed robotic workspace, generate a rigid, physically consistent embodied robotic arm. The arm maintains high stability with no deformation and enters the frame to Lift the metallic red beverage can, drop it into the basket with black handle, then carry the basket with black handle."
episode76,stack_blocks_three,"In a fixed robotic workspace, generate a rigid, physically consistent embodied robotic arm. The arm maintains high stability with no deformation and enters the frame to Use the left arm, the left arm, and the right arm to move red block, green block, and blue block to the center, then stack blue block on green block and green block on red block."
episode77,place_phone_stand,"In a fixed robotic workspace, generate a rigid, physically consistent embodied robotic arm. The arm maintains high stability with no deformation and enters the frame to Put the glass and metal smartphone atop the compact plastic phonestand."
episode78,stack_blocks_three,"In a fixed robotic workspace, generate a rigid, physically consistent embodied robotic arm. The arm maintains high stability with no deformation and enters the frame to Centralize red block, green block, and blue block before stacking blue block on green block and green block on red block."
episode79,blocks_ranking_size,"In a fixed robotic workspace, generate a rigid, physically consistent embodied robotic arm. The arm maintains high stability with no deformation and enters the frame to Shift large block, medium block, and small block to the table's center and sort by size."
episode80,stack_blocks_two,"In a fixed robotic workspace, generate a rigid, physically consistent embodied robotic arm. The arm maintains high stability with no deformation and enters the frame to Place red block and green block centrally, then stack green block on red block."
episode81,put_object_cabinet,"In a fixed robotic workspace, generate a rigid, physically consistent embodied robotic arm. The arm maintains high stability with no deformation and enters the frame to Pull open the gray and wood cabinet's drawer and place the white stapler with rounded design inside it."
episode82,place_can_basket,"In a fixed robotic workspace, generate a rigid, physically consistent embodied robotic arm. The arm maintains high stability with no deformation and enters the frame to Pick up the beverage can with printed label, set it inside the rectangular basket with smooth surface, then lift the rectangular basket with smooth surface."
episode83,handover_block,"In a fixed robotic workspace, generate a rigid, physically consistent embodied robotic arm. The arm maintains high stability with no deformation and enters the frame to Pick the red block up with the left arm, hand it to the right arm, and set it on the blue pad."
episode84,shake_bottle,"In a fixed robotic workspace, generate a rigid, physically consistent embodied robotic arm. The arm maintains high stability with no deformation and enters the frame to Use the right arm to pick and shake the dark drink bottle with logo."
episode85,hanging_mug,"In a fixed robotic workspace, generate a rigid, physically consistent embodied robotic arm. The arm maintains high stability with no deformation and enters the frame to Take the colorful cartoon mug with one arm, rotate it, and hang it onto the rack with two rods sticking out."
episode86,put_bottles_dustbin,"In a fixed robotic workspace, generate a rigid, physically consistent embodied robotic arm. The arm maintains high stability with no deformation and enters the frame to Grab the yellow bottle with smooth texture, drop it in the black garbage bin, do the same for the cylindrical bottle and the drink bottle with slim neck."
episode87,stack_blocks_two,"In a fixed robotic workspace, generate a rigid, physically consistent embodied robotic arm. The arm maintains high stability with no deformation and enters the frame to Use the left arm to move red block and the left arm to stack green block."
episode88,move_playingcard_away,"In a fixed robotic workspace, generate a rigid, physically consistent embodied robotic arm. The arm maintains high stability with no deformation and enters the frame to Pick up the playingcards box with white symbols and move it farther outward."
episode89,place_cans_plasticbox,"In a fixed robotic workspace, generate a rigid, physically consistent embodied robotic arm. The arm maintains high stability with no deformation and enters the frame to Use both arms to move the rounded red Coca-Cola soda container and the small aluminum red drink can into the plasticbox with smooth plastic texture."
episode90,beat_block_hammer,"In a fixed robotic workspace, generate a rigid, physically consistent embodied robotic arm. The arm maintains high stability with no deformation and enters the frame to Pick the hammer for nails and strike the block."
episode91,place_object_stand,"In a fixed robotic workspace, generate a rigid, physically consistent embodied robotic arm. The arm maintains high stability with no deformation and enters the frame to Grab and move the bright blue toycar to position it on the medium black plastic displaystand."
episode92,hanging_mug,"In a fixed robotic workspace, generate a rigid, physically consistent embodied robotic arm. The arm maintains high stability with no deformation and enters the frame to Take the hand-sized black mug from the table, rotate it, place it in the center, then hang it onto the metallic angular rack with rod pair."
episode93,place_a2b_right,"In a fixed robotic workspace, generate a rigid, physically consistent embodied robotic arm. The arm maintains high stability with no deformation and enters the frame to Ensure the smooth dark gray computer mouse is placed on the right of the rubikscube cube shape."
episode94,place_cans_plasticbox,"In a fixed robotic workspace, generate a rigid, physically consistent embodied robotic arm. The arm maintains high stability with no deformation and enters the frame to Use the arms to transfer the can with sealed gold top and the drink can with light brown shade into the plasticbox with smooth plastic texture."
episode95,beat_block_hammer,"In a fixed robotic workspace, generate a rigid, physically consistent embodied robotic arm. The arm maintains high stability with no deformation and enters the frame to Lift the silver curved hammer head, then beat the block."
episode96,stack_bowls_three,"In a fixed robotic workspace, generate a rigid, physically consistent embodied robotic arm. The arm maintains high stability with no deformation and enters the frame to Place three the glazed bowl with curved sides on top of each other."
episode97,pick_dual_bottles,"In a fixed robotic workspace, generate a rigid, physically consistent embodied robotic arm. The arm maintains high stability with no deformation and enters the frame to Pick up the dark drink bottle with logo and the smooth green plastic bottle using separate hands."
episode98,place_fan,"In a fixed robotic workspace, generate a rigid, physically consistent embodied robotic arm. The arm maintains high stability with no deformation and enters the frame to Pick up the portable white fan and place it on the Coral mat ensuring it faces the robot."
episode99,move_playingcard_away,"In a fixed robotic workspace, generate a rigid, physically consistent embodied robotic arm. The arm maintains high stability with no deformation and enters the frame to With the left arm, pick up the blue pack holding playingcards and slide it outward."
episode100,shake_bottle,"In a fixed robotic workspace, generate a rigid, physically consistent embodied robotic arm. The arm maintains high stability with no deformation and enters the frame to Hold and shake the the smooth cylindrical bottle carefully."
episode101,place_object_scale,"In a fixed robotic workspace, generate a rigid, physically consistent embodied robotic arm. The arm maintains high stability with no deformation and enters the frame to Place the blue stapler with shiny silver parts carefully on the handheld electronicscale using the right arm"
episode102,move_playingcard_away,"In a fixed robotic workspace, generate a rigid, physically consistent embodied robotic arm. The arm maintains high stability with no deformation and enters the frame to Lift the blue pack holding playingcards using the left arm and transfer it outward."
episode103,stack_bowls_three,"In a fixed robotic workspace, generate a rigid, physically consistent embodied robotic arm. The arm maintains high stability with no deformation and enters the frame to Grab the first the rounded bowl with light blue color, position the second, then add the third."
episode104,stack_bowls_two,"In a fixed robotic workspace, generate a rigid, physically consistent embodied robotic arm. The arm maintains high stability with no deformation and enters the frame to Grasp the rounded bowl with light blue color, then use the arm to align and stack the curved bowl light blue shade."
episode105,place_fan,"In a fixed robotic workspace, generate a rigid, physically consistent embodied robotic arm. The arm maintains high stability with no deformation and enters the frame to With the right arm, grab the portable white fan and position it on the Silver mat facing the robot"
episode106,stack_bowls_two,"In a fixed robotic workspace, generate a rigid, physically consistent embodied robotic arm. The arm maintains high stability with no deformation and enters the frame to Lift the glazed bowl with curved sides and position it neatly over the ceramic bowl."
episode107,stack_bowls_three,"In a fixed robotic workspace, generate a rigid, physically consistent embodied robotic arm. The arm maintains high stability with no deformation and enters the frame to Position the first the blue bowl, and sequentially add the two above it."
episode108,place_shoe,"In a fixed robotic workspace, generate a rigid, physically consistent embodied robotic arm. The arm maintains high stability with no deformation and enters the frame to Take the shoe with lace holes and put it on the mat"
episode109,move_playingcard_away,"In a fixed robotic workspace, generate a rigid, physically consistent embodied robotic arm. The arm maintains high stability with no deformation and enters the frame to Lift the compact red playingcards pack and relocate it off the table."
episode110,place_cans_plasticbox,"In a fixed robotic workspace, generate a rigid, physically consistent embodied robotic arm. The arm maintains high stability with no deformation and enters the frame to Place the small soda can with lime graphics into the durable plasticbox with side handle, then lift the red can with smooth metallic texture and set it into the durable plasticbox with side handle."
episode111,rotate_qrcode,"In a fixed robotic workspace, generate a rigid, physically consistent embodied robotic arm. The arm maintains high stability with no deformation and enters the frame to Pick up the beige paymentsign with printed details and rotate it so the QR code faces you"
episode112,lift_pot,"In a fixed robotic workspace, generate a rigid, physically consistent embodied robotic arm. The arm maintains high stability with no deformation and enters the frame to Bring the medium kitchenpot made of metal up together"
episode113,place_a2b_right,"In a fixed robotic workspace, generate a rigid, physically consistent embodied robotic arm. The arm maintains high stability with no deformation and enters the frame to Use the right arm to set the mouse for cursor control right of the light gray rectangular cleaning soap."
episode114,beat_block_hammer,"In a fixed robotic workspace, generate a rigid, physically consistent embodied robotic arm. The arm maintains high stability with no deformation and enters the frame to Use the right arm to grab the hammer with two-tone handle and beat"
episode115,pick_dual_bottles,"In a fixed robotic workspace, generate a rigid, physically consistent embodied robotic arm. The arm maintains high stability with no deformation and enters the frame to Lift the smooth green plastic bottle and the medium bottle with colorful label with separate arms."
episode116,rotate_qrcode,"In a fixed robotic workspace, generate a rigid, physically consistent embodied robotic arm. The arm maintains high stability with no deformation and enters the frame to Catch the paymentsign with angled black stand, lift, and rotate to align the qrcode to you."
episode117,move_stapler_pad,"In a fixed robotic workspace, generate a rigid, physically consistent embodied robotic arm. The arm maintains high stability with no deformation and enters the frame to Use the left arm and place the blue stapler with black handle area on Gray mat."
episode118,place_dual_shoes,"In a fixed robotic workspace, generate a rigid, physically consistent embodied robotic arm. The arm maintains high stability with no deformation and enters the frame to Grab and place two the sports shoe white and black in the orange cardboard shoe-box, tips left."
episode119,move_can_pot,"In a fixed robotic workspace, generate a rigid, physically consistent embodied robotic arm. The arm maintains high stability with no deformation and enters the frame to Lift the sturdy sauce can with glossy finish and place it next to the gray kitchenpot"
episode120,grab_roller,"In a fixed robotic workspace, generate a rigid, physically consistent embodied robotic arm. The arm maintains high stability with no deformation and enters the frame to Grip the medium roller with narrower tips firmly with arms."
episode121,place_can_basket,"In a fixed robotic workspace, generate a rigid, physically consistent embodied robotic arm. The arm maintains high stability with no deformation and enters the frame to Pick up the red soda can with green accents, place it in the basket for carrying things, and then lift the basket for carrying things."
episode122,place_a2b_left,"In a fixed robotic workspace, generate a rigid, physically consistent embodied robotic arm. The arm maintains high stability with no deformation and enters the frame to Use the left arm to move the cuboid tea box to the left of the oval-shaped mouse for computer use."
episode123,place_object_scale,"In a fixed robotic workspace, generate a rigid, physically consistent embodied robotic arm. The arm maintains high stability with no deformation and enters the frame to Use the left arm to hold the small blue and brown bell and drop it on the compact electronicscale"
episode124,handover_mic,"In a fixed robotic workspace, generate a rigid, physically consistent embodied robotic arm. The arm maintains high stability with no deformation and enters the frame to Hold the medium microphone with two-tone color firmly and pass it to the other arm."
episode125,place_empty_cup,"In a fixed robotic workspace, generate a rigid, physically consistent embodied robotic arm. The arm maintains high stability with no deformation and enters the frame to Use an arm to place the smooth blue cup for liquids on the coaster made of smooth wood"
episode126,open_laptop,"In a fixed robotic workspace, generate a rigid, physically consistent embodied robotic arm. The arm maintains high stability with no deformation and enters the frame to Lift the folding laptop with black exterior lid completely."
episode127,scan_object,"In a fixed robotic workspace, generate a rigid, physically consistent embodied robotic arm. The arm maintains high stability with no deformation and enters the frame to Use the right arm to pick the compact black scanner for easy grip, use the left arm to grab the small box with golden patterns, and scan the small box with golden patterns with the compact black scanner for easy grip."
episode128,place_phone_stand,"In a fixed robotic workspace, generate a rigid, physically consistent embodied robotic arm. The arm maintains high stability with no deformation and enters the frame to Move the thin metallic phone onto the smooth brown phone holder."
episode129,stack_bowls_two,"In a fixed robotic workspace, generate a rigid, physically consistent embodied robotic arm. The arm maintains high stability with no deformation and enters the frame to Align the rounded bowl with light blue color over the bowl with brown outer rim, then complete the stack."
episode130,place_can_basket,"In a fixed robotic workspace, generate a rigid, physically consistent embodied robotic arm. The arm maintains high stability with no deformation and enters the frame to Take the cylindrical red drink can with logo in the right arm, place it into the basket for carrying things, another arm lifts the basket for carrying things."
episode131,shake_bottle_horizontally,"In a fixed robotic workspace, generate a rigid, physically consistent embodied robotic arm. The arm maintains high stability with no deformation and enters the frame to Secure the smooth bottle with rounded edges with the left arm, shake in horizontal motion."
episode132,scan_object,"In a fixed robotic workspace, generate a rigid, physically consistent embodied robotic arm. The arm maintains high stability with no deformation and enters the frame to the right arm picks the yellow tea box with smooth surface, the left arm grabs the barcode scanner with gray accents, and scans the yellow tea box with smooth surface with the barcode scanner with gray accents."
episode133,shake_bottle_horizontally,"In a fixed robotic workspace, generate a rigid, physically consistent embodied robotic arm. The arm maintains high stability with no deformation and enters the frame to Lift the smooth plastic bottle and shake it horizontally."
episode134,open_microwave,"In a fixed robotic workspace, generate a rigid, physically consistent embodied robotic arm. The arm maintains high stability with no deformation and enters the frame to Pull the handle of the gray microwave with two control knobs to open it."
episode135,place_empty_cup,"In a fixed robotic workspace, generate a rigid, physically consistent embodied robotic arm. The arm maintains high stability with no deformation and enters the frame to Set the smooth blue cup for liquids carefully onto the round coaster"
episode136,put_object_cabinet,"In a fixed robotic workspace, generate a rigid, physically consistent embodied robotic arm. The arm maintains high stability with no deformation and enters the frame to Pull open the gray and wood cabinet's drawer and place the mouse with curved top inside."
episode137,handover_mic,"In a fixed robotic workspace, generate a rigid, physically consistent embodied robotic arm. The arm maintains high stability with no deformation and enters the frame to Hold the microphone with cylindrical handle firmly and pass it to the other arm."
episode138,blocks_ranking_size,"In a fixed robotic workspace, generate a rigid, physically consistent embodied robotic arm. The arm maintains high stability with no deformation and enters the frame to Place large block, medium block, and small block at the center and sort them from largest to smallest."
episode139,open_microwave,"In a fixed robotic workspace, generate a rigid, physically consistent embodied robotic arm. The arm maintains high stability with no deformation and enters the frame to Pull the handle to open the gray and yellow microwave with rounded edges."
episode140,put_object_cabinet,"In a fixed robotic workspace, generate a rigid, physically consistent embodied robotic arm. The arm maintains high stability with no deformation and enters the frame to Open the drawer of the cabinet with metal reinforcements and move the computer mouse into it."
episode141,stack_blocks_two,"In a fixed robotic workspace, generate a rigid, physically consistent embodied robotic arm. The arm maintains high stability with no deformation and enters the frame to Grab red block, set it in the center, then stack green block over it."
episode142,stack_bowls_three,"In a fixed robotic workspace, generate a rigid, physically consistent embodied robotic arm. The arm maintains high stability with no deformation and enters the frame to Stack the ceramic bowl with earthy brown trim by arranging them sequentially."
episode143,stack_bowls_two,"In a fixed robotic workspace, generate a rigid, physically consistent embodied robotic arm. The arm maintains high stability with no deformation and enters the frame to Lift the glazed bowl with curved sides, stack it precisely on top of the ceramic bowl."
episode144,open_laptop,"In a fixed robotic workspace, generate a rigid, physically consistent embodied robotic arm. The arm maintains high stability with no deformation and enters the frame to Pull the metal laptop with black keys upward lightly."
episode145,place_shoe,"In a fixed robotic workspace, generate a rigid, physically consistent embodied robotic arm. The arm maintains high stability with no deformation and enters the frame to Take the shoe with smooth top and grippy sole from the table and carefully drop it on the mat"
episode146,pick_dual_bottles,"In a fixed robotic workspace, generate a rigid, physically consistent embodied robotic arm. The arm maintains high stability with no deformation and enters the frame to Take the red-capped bottle with one arm, hold the medium green bottle too."
episode147,place_bread_skillet,"In a fixed robotic workspace, generate a rigid, physically consistent embodied robotic arm. The arm maintains high stability with no deformation and enters the frame to Lift the fluffy baked bread and drop it into the metal skillet."
episode148,pick_diverse_bottles,"In a fixed robotic workspace, generate a rigid, physically consistent embodied robotic arm. The arm maintains high stability with no deformation and enters the frame to Catch the hand-sized soda bottle first, then catch the smooth green plastic bottle."
episode149,move_stapler_pad,"In a fixed robotic workspace, generate a rigid, physically consistent embodied robotic arm. The arm maintains high stability with no deformation and enters the frame to Place the red stapler with black base on the Yellow mat using the left arm"
episode150,place_object_stand,"In a fixed robotic workspace, generate a rigid, physically consistent embodied robotic arm. The arm maintains high stability with no deformation and enters the frame to Grab the white dome bell with the right arm and place on the medium black displaystand."
episode151,press_stapler,"In a fixed robotic workspace, generate a rigid, physically consistent embodied robotic arm. The arm maintains high stability with no deformation and enters the frame to Lower the left arm onto the stapler the white body stapler with accents."
episode152,stack_bowls_three,"In a fixed robotic workspace, generate a rigid, physically consistent embodied robotic arm. The arm maintains high stability with no deformation and enters the frame to Lift each the ceramic bowl with earthy brown trim and stack it over the previous one."
episode153,place_bread_skillet,"In a fixed robotic workspace, generate a rigid, physically consistent embodied robotic arm. The arm maintains high stability with no deformation and enters the frame to Pick the light brown bread with ridges off the table and place it in the gray skillet for stovetop cooking."
episode154,place_cans_plasticbox,"In a fixed robotic workspace, generate a rigid, physically consistent embodied robotic arm. The arm maintains high stability with no deformation and enters the frame to Lift the small white can with branding into the deep blue box for storage, then the medium metal can to the deep blue box for storage without delay."
episode155,place_mouse_pad,"In a fixed robotic workspace, generate a rigid, physically consistent embodied robotic arm. The arm maintains high stability with no deformation and enters the frame to Grab the the wireless dark gray computer mouse and position it onto the Yellow mat."
episode156,place_burger_fries,"In a fixed robotic workspace, generate a rigid, physically consistent embodied robotic arm. The arm maintains high stability with no deformation and enters the frame to Grab the rectangular hamburg wrap with printed design and the Light yellow fries in red holder, use both arms to set on the plastic tray with curved edges."
episode157,handover_mic,"In a fixed robotic workspace, generate a rigid, physically consistent embodied robotic arm. The arm maintains high stability with no deformation and enters the frame to Lift the handheld microphone and hand it over to the other arm."
episode158,move_can_pot,"In a fixed robotic workspace, generate a rigid, physically consistent embodied robotic arm. The arm maintains high stability with no deformation and enters the frame to Use the left arm to lift the red plastic sauce can and place it near the silver pot with matching lid"
episode159,place_object_stand,"In a fixed robotic workspace, generate a rigid, physically consistent embodied robotic arm. The arm maintains high stability with no deformation and enters the frame to Set the remotecontrol with raised buttons on the medium black displaystand after moving it"
episode160,press_stapler,"In a fixed robotic workspace, generate a rigid, physically consistent embodied robotic arm. The arm maintains high stability with no deformation and enters the frame to Engage the blue stapler by using the left arm to press it."
episode161,place_dual_shoes,"In a fixed robotic workspace, generate a rigid, physically consistent embodied robotic arm. The arm maintains high stability with no deformation and enters the frame to Grab and place two the medium-sized black and white shoe in the shoe-box with Nike printed logo, tips left."
episode162,grab_roller,"In a fixed robotic workspace, generate a rigid, physically consistent embodied robotic arm. The arm maintains high stability with no deformation and enters the frame to Grasp the narrow tapered roller on the table with arms."
episode163,place_fan,"In a fixed robotic workspace, generate a rigid, physically consistent embodied robotic arm. The arm maintains high stability with no deformation and enters the frame to Position the fan with rectangular base on the Indigo mat so it faces the robot."
episode164,pick_dual_bottles,"In a fixed robotic workspace, generate a rigid, physically consistent embodied robotic arm. The arm maintains high stability with no deformation and enters the frame to Catch the plastic drink bottle in one hand and the handheld green bottle too."
episode165,stamp_seal,"In a fixed robotic workspace, generate a rigid, physically consistent embodied robotic arm. The arm maintains high stability with no deformation and enters the frame to Stamp Magenta after grabbing the red cylindrical seal"
episode166,place_object_stand,"In a fixed robotic workspace, generate a rigid, physically consistent embodied robotic arm. The arm maintains high stability with no deformation and enters the frame to Grab and put the black stapler with curved top on the displaystand with smooth finish"
episode167,pick_diverse_bottles,"In a fixed robotic workspace, generate a rigid, physically consistent embodied robotic arm. The arm maintains high stability with no deformation and enters the frame to Hold onto the handheld brown bottle with white lid, then pick up the smooth plastic bottle."
episode168,rotate_qrcode,"In a fixed robotic workspace, generate a rigid, physically consistent embodied robotic arm. The arm maintains high stability with no deformation and enters the frame to Use the left arm to lift the gray top with QR code from the table and face the qrcode."
episode169,place_a2b_left,"In a fixed robotic workspace, generate a rigid, physically consistent embodied robotic arm. The arm maintains high stability with no deformation and enters the frame to Use the left arm, move the bell with protruding knob left of the rubikscube with smooth plastic tiles"
episode170,click_alarmclock,"In a fixed robotic workspace, generate a rigid, physically consistent embodied robotic arm. The arm maintains high stability with no deformation and enters the frame to Use the left arm to press the clock with black hands's top button"
episode171,stack_blocks_two,"In a fixed robotic workspace, generate a rigid, physically consistent embodied robotic arm. The arm maintains high stability with no deformation and enters the frame to Grab red block using the left arm, position it at the center, and do the same for green block using the left arm, stacking green block on red block."
episode172,place_burger_fries,"In a fixed robotic workspace, generate a rigid, physically consistent embodied robotic arm. The arm maintains high stability with no deformation and enters the frame to Place the wrapped hamburg with green design and the golden fries in smooth red pouch onto the smooth texture green tray after picking them up."
episode173,place_bread_basket,"In a fixed robotic workspace, generate a rigid, physically consistent embodied robotic arm. The arm maintains high stability with no deformation and enters the frame to Pick the bread with rounded corners and move it to the medium rectangular breadbasket."
episode174,move_can_pot,"In a fixed robotic workspace, generate a rigid, physically consistent embodied robotic arm. The arm maintains high stability with no deformation and enters the frame to Bring the sauce can with red lid over and set it near the kitchenpot with plastic knob on lid"
episode175,place_object_basket,"In a fixed robotic workspace, generate a rigid, physically consistent embodied robotic arm. The arm maintains high stability with no deformation and enters the frame to Pick up the small green toycar and set it inside the brown basket."
episode176,put_bottles_dustbin,"In a fixed robotic workspace, generate a rigid, physically consistent embodied robotic arm. The arm maintains high stability with no deformation and enters the frame to With arms, place the smooth yellow bottle with ridged cap, the water bottle with textured body, and the red bottle into the rectangular black trash holder step by step."
episode177,place_object_scale,"In a fixed robotic workspace, generate a rigid, physically consistent embodied robotic arm. The arm maintains high stability with no deformation and enters the frame to Use the left arm to lift the rounded computer mouse onto the white electronicscale"
episode178,dump_bin_bigbin,"In a fixed robotic workspace, generate a rigid, physically consistent embodied robotic arm. The arm maintains high stability with no deformation and enters the frame to Grab the small white trashbin, pour its contents away."
episode179,place_mouse_pad,"In a fixed robotic workspace, generate a rigid, physically consistent embodied robotic arm. The arm maintains high stability with no deformation and enters the frame to Lift the the gray mouse using the left arm and move it to the Red mat."
episode180,turn_switch,"In a fixed robotic workspace, generate a rigid, physically consistent embodied robotic arm. The arm maintains high stability with no deformation and enters the frame to Trigger the beige switch with smooth finish without referencing the left arm"
episode181,open_microwave,"In a fixed robotic workspace, generate a rigid, physically consistent embodied robotic arm. The arm maintains high stability with no deformation and enters the frame to Use the left arm to open the microwave with smooth surface by pulling."
episode182,move_stapler_pad,"In a fixed robotic workspace, generate a rigid, physically consistent embodied robotic arm. The arm maintains high stability with no deformation and enters the frame to Grab the handheld stapler using the right arm and shift it to Gray"
episode183,dump_bin_bigbin,"In a fixed robotic workspace, generate a rigid, physically consistent embodied robotic arm. The arm maintains high stability with no deformation and enters the frame to Pour balls from the plastic tabletrashbin with dark pattern into the bin."
episode184,click_alarmclock,"In a fixed robotic workspace, generate a rigid, physically consistent embodied robotic arm. The arm maintains high stability with no deformation and enters the frame to Activate the palm-sized alarm-clock by pressing its top"
episode185,open_laptop,"In a fixed robotic workspace, generate a rigid, physically consistent embodied robotic arm. The arm maintains high stability with no deformation and enters the frame to Gently lift the black laptop with smooth body using the right arm"
episode186,place_bread_skillet,"In a fixed robotic workspace, generate a rigid, physically consistent embodied robotic arm. The arm maintains high stability with no deformation and enters the frame to Move the golden bread loaf into the metal skillet with comfortable grip from the table"
episode187,turn_switch,"In a fixed robotic workspace, generate a rigid, physically consistent embodied robotic arm. The arm maintains high stability with no deformation and enters the frame to Press the black switch using the left arm."
episode188,shake_bottle,"In a fixed robotic workspace, generate a rigid, physically consistent embodied robotic arm. The arm maintains high stability with no deformation and enters the frame to Use the left arm to hold the orange drink bottle with label and shake it."
episode189,stack_blocks_three,"In a fixed robotic workspace, generate a rigid, physically consistent embodied robotic arm. The arm maintains high stability with no deformation and enters the frame to Place red block, green block, and blue block at the table's center; stack blue block over green block, then green block over red block."
episode190,pick_diverse_bottles,"In a fixed robotic workspace, generate a rigid, physically consistent embodied robotic arm. The arm maintains high stability with no deformation and enters the frame to Secure the medium green bottle with capped neck, then secure the smooth bottle with rounded edges."
episode191,handover_block,"In a fixed robotic workspace, generate a rigid, physically consistent embodied robotic arm. The arm maintains high stability with no deformation and enters the frame to Grab the red block, transfer it, and set it on blue."
episode192,beat_block_hammer,"In a fixed robotic workspace, generate a rigid, physically consistent embodied robotic arm. The arm maintains high stability with no deformation and enters the frame to Catch the handheld medium claw hammer and use it on the block."
episode193,open_microwave,"In a fixed robotic workspace, generate a rigid, physically consistent embodied robotic arm. The arm maintains high stability with no deformation and enters the frame to Grip the countertop microwave's handle and pull it open."
episode194,place_burger_fries,"In a fixed robotic workspace, generate a rigid, physically consistent embodied robotic arm. The arm maintains high stability with no deformation and enters the frame to Use dual arms to grab the hamburg with smooth paper wrapping and the golden fries in smooth red pouch and set them on the bright orange tray with glossy finish."
episode195,place_bread_skillet,"In a fixed robotic workspace, generate a rigid, physically consistent embodied robotic arm. The arm maintains high stability with no deformation and enters the frame to Take the light brown porous bread and place it inside the skillet for frying food"
episode196,place_fan,"In a fixed robotic workspace, generate a rigid, physically consistent embodied robotic arm. The arm maintains high stability with no deformation and enters the frame to Take the fan with rectangular base, place it on the Red mat, ensure it points at the robot"
episode197,place_object_stand,"In a fixed robotic workspace, generate a rigid, physically consistent embodied robotic arm. The arm maintains high stability with no deformation and enters the frame to Take the dark mouse with logo on top and set it on the plastic black displaystand for display"
episode198,blocks_ranking_rgb,"In a fixed robotic workspace, generate a rigid, physically consistent embodied robotic arm. The arm maintains high stability with no deformation and enters the frame to Put red block first, green block next, and blue block last in a straight line from left to right, using the right arm, the right arm, and the left arm."
episode199,hanging_mug,"In a fixed robotic workspace, generate a rigid, physically consistent embodied robotic arm. The arm maintains high stability with no deformation and enters the frame to Use your left arm to pick the beige mug, rotate it, set it down, and hang it onto the metallic angular rack with rod pair."
episode200,pick_dual_bottles,"In a fixed robotic workspace, generate a rigid, physically consistent embodied robotic arm. The arm maintains high stability with no deformation and enters the frame to Use each arm to hold the dark drink bottle with logo and the bottle with ridges near base."
episode201,stack_blocks_three,"In a fixed robotic workspace, generate a rigid, physically consistent embodied robotic arm. The arm maintains high stability with no deformation and enters the frame to Move red block, green block, and blue block to the middle first, then stack blue block on green block and green block on red block."
episode202,handover_block,"In a fixed robotic workspace, generate a rigid, physically consistent embodied robotic arm. The arm maintains high stability with no deformation and enters the frame to Move the red block using the left arm."
episode203,grab_roller,"In a fixed robotic workspace, generate a rigid, physically consistent embodied robotic arm. The arm maintains high stability with no deformation and enters the frame to Bring both arms to grab the palm-sized roller."
episode204,place_a2b_left,"In a fixed robotic workspace, generate a rigid, physically consistent embodied robotic arm. The arm maintains high stability with no deformation and enters the frame to With the left arm, position the rounded teal car toy left of the colorful rubikscube"
episode205,stamp_seal,"In a fixed robotic workspace, generate a rigid, physically consistent embodied robotic arm. The arm maintains high stability with no deformation and enters the frame to With the right arm, secure the brown rectangular seal with slanted edges and mark Yellow."
episode206,grab_roller,"In a fixed robotic workspace, generate a rigid, physically consistent embodied robotic arm. The arm maintains high stability with no deformation and enters the frame to Secure the roller with polished surface using your arms."
episode207,stamp_seal,"In a fixed robotic workspace, generate a rigid, physically consistent embodied robotic arm. The arm maintains high stability with no deformation and enters the frame to Pick up the carved seal with leaf patterns, stamp Pink"
episode208,blocks_ranking_size,"In a fixed robotic workspace, generate a rigid, physically consistent embodied robotic arm. The arm maintains high stability with no deformation and enters the frame to Align large block, medium block, and small block by size from left to right at the center."
episode209,put_bottles_dustbin,"In a fixed robotic workspace, generate a rigid, physically consistent embodied robotic arm. The arm maintains high stability with no deformation and enters the frame to Using arms, grab the smooth yellow bottle with ridged cap and place it in the black dustbin, do the same for the clear bottle with blue sections and the black soda bottle with white top."
episode210,move_stapler_pad,"In a fixed robotic workspace, generate a rigid, physically consistent embodied robotic arm. The arm maintains high stability with no deformation and enters the frame to Transfer the curved red stapler to the Gray colored mat."
episode211,turn_switch,"In a fixed robotic workspace, generate a rigid, physically consistent embodied robotic arm. The arm maintains high stability with no deformation and enters the frame to Deploy the right arm to operate the light gray plastic switch"
episode212,place_cans_plasticbox,"In a fixed robotic workspace, generate a rigid, physically consistent embodied robotic arm. The arm maintains high stability with no deformation and enters the frame to Identify the smooth white can with accents, place it in the deep blue box for storage, do the same for the rounded metallic can."
episode213,put_bottles_dustbin,"In a fixed robotic workspace, generate a rigid, physically consistent embodied robotic arm. The arm maintains high stability with no deformation and enters the frame to Use arms to pick the yellow bottle with smooth texture, drop it in the dustbin with white inner bag, repeat for the bottle with narrow neck and the smooth plastic bottle."
episode214,lift_pot,"In a fixed robotic workspace, generate a rigid, physically consistent embodied robotic arm. The arm maintains high stability with no deformation and enters the frame to Use both arms to raise the cooking kitchenpot with side grips"
episode215,place_mouse_pad,"In a fixed robotic workspace, generate a rigid, physically consistent embodied robotic arm. The arm maintains high stability with no deformation and enters the frame to Take the smooth dark gray computer mouse and place it on the Gray colored mat."
episode216,rotate_qrcode,"In a fixed robotic workspace, generate a rigid, physically consistent embodied robotic arm. The arm maintains high stability with no deformation and enters the frame to Grab the small payment stand with black base using the left arm, then rotate the QR code to face forward."
episode217,place_dual_shoes,"In a fixed robotic workspace, generate a rigid, physically consistent embodied robotic arm. The arm maintains high stability with no deformation and enters the frame to Grasp two the smooth-textured red shoe, tips aligned left, and place them in the shoe-box with Nike printed logo."
episode218,place_can_basket,"In a fixed robotic workspace, generate a rigid, physically consistent embodied robotic arm. The arm maintains high stability with no deformation and enters the frame to Pick up the Coca-Cola soda can with the right arm, place into the yellow basket for carrying stuff, the other arm raises the yellow basket for carrying stuff."
episode219,shake_bottle,"In a fixed robotic workspace, generate a rigid, physically consistent embodied robotic arm. The arm maintains high stability with no deformation and enters the frame to Lift up the milk-bottle shape design using the right arm, then shake."
episode220,place_burger_fries,"In a fixed robotic workspace, generate a rigid, physically consistent embodied robotic arm. The arm maintains high stability with no deformation and enters the frame to Place the smooth white hamburg wrap with yellow spots and the crispy fries in hand-sized pouch on the beige tray after picking them up."
episode221,click_bell,"In a fixed robotic workspace, generate a rigid, physically consistent embodied robotic arm. The arm maintains high stability with no deformation and enters the frame to Locate the metal bell with plastic parts and click its top center."
episode222,place_bread_skillet,"In a fixed robotic workspace, generate a rigid, physically consistent embodied robotic arm. The arm maintains high stability with no deformation and enters the frame to Transfer the brown bread loaf into the medium-sized frying skillet from the table"
episode223,grab_roller,"In a fixed robotic workspace, generate a rigid, physically consistent embodied robotic arm. The arm maintains high stability with no deformation and enters the frame to Place hands on the brown roller and lift."
episode224,beat_block_hammer,"In a fixed robotic workspace, generate a rigid, physically consistent embodied robotic arm. The arm maintains high stability with no deformation and enters the frame to Grab the hammer with two-tone handle, then strike the block."
episode225,stack_blocks_two,"In a fixed robotic workspace, generate a rigid, physically consistent embodied robotic arm. The arm maintains high stability with no deformation and enters the frame to Use the right arm to move red block and the right arm to position green block."
episode226,dump_bin_bigbin,"In a fixed robotic workspace, generate a rigid, physically consistent embodied robotic arm. The arm maintains high stability with no deformation and enters the frame to Take the small white trashbin and pour the balls out."
episode227,place_fan,"In a fixed robotic workspace, generate a rigid, physically consistent embodied robotic arm. The arm maintains high stability with no deformation and enters the frame to Place the fan with rounded rectangular body on the Indigo mat and ensure it faces the robot."
episode228,blocks_ranking_size,"In a fixed robotic workspace, generate a rigid, physically consistent embodied robotic arm. The arm maintains high stability with no deformation and enters the frame to Take large block with the left arm, medium block with the right arm, and small block with the right arm to the middle."
episode229,shake_bottle_horizontally,"In a fixed robotic workspace, generate a rigid, physically consistent embodied robotic arm. The arm maintains high stability with no deformation and enters the frame to Pick up the orange drink bottle with label using the right arm and shake sideways."
episode230,place_dual_shoes,"In a fixed robotic workspace, generate a rigid, physically consistent embodied robotic arm. The arm maintains high stability with no deformation and enters the frame to Lift two the classic sneaker design shoe, position them in the Nike-branded orange shoe-box, tips to the left."
episode231,adjust_bottle,"In a fixed robotic workspace, generate a rigid, physically consistent embodied robotic arm. The arm maintains high stability with no deformation and enters the frame to Pick the Coca-Cola bottle upright from the table"
episode232,stack_bowls_three,"In a fixed robotic workspace, generate a rigid, physically consistent embodied robotic arm. The arm maintains high stability with no deformation and enters the frame to Place three the dark inside bowl light blue outside on top of each other."
episode233,place_mouse_pad,"In a fixed robotic workspace, generate a rigid, physically consistent embodied robotic arm. The arm maintains high stability with no deformation and enters the frame to Take hold of the the small computer mouse and place it on the Yellow mat."
episode234,place_a2b_right,"In a fixed robotic workspace, generate a rigid, physically consistent embodied robotic arm. The arm maintains high stability with no deformation and enters the frame to Position the bell with metallic top and plastic base to the right of the rubikscube with rotating rows and columns."
episode235,place_shoe,"In a fixed robotic workspace, generate a rigid, physically consistent embodied robotic arm. The arm maintains high stability with no deformation and enters the frame to Remove the dark shoe with grooves on sole from the table and lay it on the mat"
episode236,handover_mic,"In a fixed robotic workspace, generate a rigid, physically consistent embodied robotic arm. The arm maintains high stability with no deformation and enters the frame to Pick up the round head microphone and move it to the opposite side"
episode237,press_stapler,"In a fixed robotic workspace, generate a rigid, physically consistent embodied robotic arm. The arm maintains high stability with no deformation and enters the frame to Engage the small lightweight blue stapler by using the left arm to press it."
episode238,place_mouse_pad,"In a fixed robotic workspace, generate a rigid, physically consistent embodied robotic arm. The arm maintains high stability with no deformation and enters the frame to Grab the dark gray palm-sized mouse with the right arm and lay it onto the Gray colored mat."
episode239,place_dual_shoes,"In a fixed robotic workspace, generate a rigid, physically consistent embodied robotic arm. The arm maintains high stability with no deformation and enters the frame to Use hands to grab two the white shoe with flat sole, tips left, drop into the smooth orange box for shoes."
episode240,adjust_bottle,"In a fixed robotic workspace, generate a rigid, physically consistent embodied robotic arm. The arm maintains high stability with no deformation and enters the frame to Use the correct arm to pick up the dark drink bottle with logo."
episode241,press_stapler,"In a fixed robotic workspace, generate a rigid, physically consistent embodied robotic arm. The arm maintains high stability with no deformation and enters the frame to Push the top of the compact bright blue stapler down"
episode242,stack_blocks_two,"In a fixed robotic workspace, generate a rigid, physically consistent embodied robotic arm. The arm maintains high stability with no deformation and enters the frame to Pick up red block with the left arm and green block with the left arm, move both to the table's center and stack green block over red block."
episode243,place_can_basket,"In a fixed robotic workspace, generate a rigid, physically consistent embodied robotic arm. The arm maintains high stability with no deformation and enters the frame to Grab the smooth cylindrical can with lime pattern using the right arm, drop the smooth cylindrical can with lime pattern into the oval-shaped basket with woven body and lift the oval-shaped basket with woven body."
episode244,place_dual_shoes,"In a fixed robotic workspace, generate a rigid, physically consistent embodied robotic arm. The arm maintains high stability with no deformation and enters the frame to Collect two the medium-sized shoe, tips facing left, and put in the rectangular orange shoe-box."
episode245,dump_bin_bigbin,"In a fixed robotic workspace, generate a rigid, physically consistent embodied robotic arm. The arm maintains high stability with no deformation and enters the frame to Grab the small trash container, then pour balls into the bin."
episode246,handover_mic,"In a fixed robotic workspace, generate a rigid, physically consistent embodied robotic arm. The arm maintains high stability with no deformation and enters the frame to Grasp the handheld teal microphone, transfer it, then let go of it smoothly."
episode247,adjust_bottle,"In a fixed robotic workspace, generate a rigid, physically consistent embodied robotic arm. The arm maintains high stability with no deformation and enters the frame to Raise the Coca-Cola bottle in a head-up position"
episode248,place_bread_basket,"In a fixed robotic workspace, generate a rigid, physically consistent embodied robotic arm. The arm maintains high stability with no deformation and enters the frame to Move the soft doughy bread and the bread with soft texture at once into the beige plastic breadbasket."
episode249,beat_block_hammer,"In a fixed robotic workspace, generate a rigid, physically consistent embodied robotic arm. The arm maintains high stability with no deformation and enters the frame to Take the hammer for nails and strike the block"
episode250,hanging_mug,"In a fixed robotic workspace, generate a rigid, physically consistent embodied robotic arm. The arm maintains high stability with no deformation and enters the frame to Lift the blue mug for hot drinks from the table, turn it, put it down in the middle, then hang it onto the smooth rack."
episode251,blocks_ranking_size,"In a fixed robotic workspace, generate a rigid, physically consistent embodied robotic arm. The arm maintains high stability with no deformation and enters the frame to Grab large block, medium block, and small block, set them centrally, ordered by size."
episode252,place_a2b_left,"In a fixed robotic workspace, generate a rigid, physically consistent embodied robotic arm. The arm maintains high stability with no deformation and enters the frame to Grab the toycar with shiny wheels using the left arm and move left of the curved blue and silver stapler"
episode253,move_stapler_pad,"In a fixed robotic workspace, generate a rigid, physically consistent embodied robotic arm. The arm maintains high stability with no deformation and enters the frame to the left arm moves the white stapler with rounded design to the Red mat."
episode254,open_laptop,"In a fixed robotic workspace, generate a rigid, physically consistent embodied robotic arm. The arm maintains high stability with no deformation and enters the frame to Pull up the lid of the black laptop with sharp rectangular edges"
episode255,handover_mic,"In a fixed robotic workspace, generate a rigid, physically consistent embodied robotic arm. The arm maintains high stability with no deformation and enters the frame to Grasp the compact size microphone and shift it to the opposite hand."
episode256,place_object_scale,"In a fixed robotic workspace, generate a rigid, physically consistent embodied robotic arm. The arm maintains high stability with no deformation and enters the frame to Set the white bell with black bottom on the electronicscale with flat rectangular base after grabbing it with the right arm."
episode257,move_pillbottle_pad,"In a fixed robotic workspace, generate a rigid, physically consistent embodied robotic arm. The arm maintains high stability with no deformation and enters the frame to Move the smooth plastic orange bottle with one arm to the pad"
episode258,place_object_basket,"In a fixed robotic workspace, generate a rigid, physically consistent embodied robotic arm. The arm maintains high stability with no deformation and enters the frame to Pick up the rectangular box for card storage, put it in the yellow basket, shift the yellow basket a little."
episode259,rotate_qrcode,"In a fixed robotic workspace, generate a rigid, physically consistent embodied robotic arm. The arm maintains high stability with no deformation and enters the frame to Take the gray slanted panel with text, raise it, and make the qrcode face you."
episode260,lift_pot,"In a fixed robotic workspace, generate a rigid, physically consistent embodied robotic arm. The arm maintains high stability with no deformation and enters the frame to Grip the medium kitchenpot made of metal firmly and lift"
episode261,put_object_cabinet,"In a fixed robotic workspace, generate a rigid, physically consistent embodied robotic arm. The arm maintains high stability with no deformation and enters the frame to Place the office stapler with plastic and metal parts into the drawer of the storage cabinet after sliding it open."
episode262,place_object_stand,"In a fixed robotic workspace, generate a rigid, physically consistent embodied robotic arm. The arm maintains high stability with no deformation and enters the frame to Place the blue rectangular stapler with curves on the medium black plastic displaystand."
episode263,rotate_qrcode,"In a fixed robotic workspace, generate a rigid, physically consistent embodied robotic arm. The arm maintains high stability with no deformation and enters the frame to Lift the green payment logo on gray top from the table, turning it QR code forward."
episode264,place_burger_fries,"In a fixed robotic workspace, generate a rigid, physically consistent embodied robotic arm. The arm maintains high stability with no deformation and enters the frame to Transfer the round hamburg and the rectangular red fries packet to the bright orange tray for serving with both arms"
episode265,pick_diverse_bottles,"In a fixed robotic workspace, generate a rigid, physically consistent embodied robotic arm. The arm maintains high stability with no deformation and enters the frame to Grab the yellow-capped orange plastic bottle using one arm and the red-capped bottle using the other."
episode266,scan_object,"In a fixed robotic workspace, generate a rigid, physically consistent embodied robotic arm. The arm maintains high stability with no deformation and enters the frame to Pick the yellow and black code scanner, grab the leaf-patterned green tea storage, and scan it with the yellow and black code scanner"
episode267,lift_pot,"In a fixed robotic workspace, generate a rigid, physically consistent embodied robotic arm. The arm maintains high stability with no deformation and enters the frame to Both arms lift the smooth gray kitchenpot upright"
episode268,place_mouse_pad,"In a fixed robotic workspace, generate a rigid, physically consistent embodied robotic arm. The arm maintains high stability with no deformation and enters the frame to With the right arm, pick up the oval-shaped mouse and lay it on Black mat."
episode269,stack_bowls_two,"In a fixed robotic workspace, generate a rigid, physically consistent embodied robotic arm. The arm maintains high stability with no deformation and enters the frame to Grab the glazed bowl with curved sides, then carefully place the ceramic bowl with earthy brown trim on top."
episode270,place_empty_cup,"In a fixed robotic workspace, generate a rigid, physically consistent embodied robotic arm. The arm maintains high stability with no deformation and enters the frame to Set the cylindrical light blue cup down on the smooth round palm-sized coaster"
episode271,move_pillbottle_pad,"In a fixed robotic workspace, generate a rigid, physically consistent embodied robotic arm. The arm maintains high stability with no deformation and enters the frame to Set the small bottle with ridged orange cap down on the pad after picking it."
episode272,hanging_mug,"In a fixed robotic workspace, generate a rigid, physically consistent embodied robotic arm. The arm maintains high stability with no deformation and enters the frame to Use the right arm to lift the smooth ceramic mug, rotate it, and attach it to the rack with angular body after setting it down."
episode273,adjust_bottle,"In a fixed robotic workspace, generate a rigid, physically consistent embodied robotic arm. The arm maintains high stability with no deformation and enters the frame to Pick the smooth green bottle head-up using the right arm"
episode274,place_a2b_right,"In a fixed robotic workspace, generate a rigid, physically consistent embodied robotic arm. The arm maintains high stability with no deformation and enters the frame to Move the light gray rectangular cleaning soap right of the playingcards pack with blue top with the right arm"
episode275,lift_pot,"In a fixed robotic workspace, generate a rigid, physically consistent embodied robotic arm. The arm maintains high stability with no deformation and enters the frame to Hold the gray kitchenpot firmly, then lift."
episode276,click_alarmclock,"In a fixed robotic workspace, generate a rigid, physically consistent embodied robotic arm. The arm maintains high stability with no deformation and enters the frame to Use the left arm to activate the small plastic alarm clock's button"
episode277,place_cans_plasticbox,"In a fixed robotic workspace, generate a rigid, physically consistent embodied robotic arm. The arm maintains high stability with no deformation and enters the frame to Use both arms to grab the palm-sized drink can and the cylindrical red drink can with logo, place them in the light blue plasticbox."
episode278,handover_block,"In a fixed robotic workspace, generate a rigid, physically consistent embodied robotic arm. The arm maintains high stability with no deformation and enters the frame to Use the left arm to grab the red block, hand it to the right arm, and place it on the blue pad."
episode279,move_playingcard_away,"In a fixed robotic workspace, generate a rigid, physically consistent embodied robotic arm. The arm maintains high stability with no deformation and enters the frame to Move the playingcards box with white accents outward from the table."
episode280,place_burger_fries,"In a fixed robotic workspace, generate a rigid, physically consistent embodied robotic arm. The arm maintains high stability with no deformation and enters the frame to Using both arms, set the hamburg with white patches and the McDonald's logo on red fries box onto the tray for holding things."
episode281,open_laptop,"In a fixed robotic workspace, generate a rigid, physically consistent embodied robotic arm. The arm maintains high stability with no deformation and enters the frame to Lift the medium rectangular orange laptop lid completely."
episode282,place_object_stand,"In a fixed robotic workspace, generate a rigid, physically consistent embodied robotic arm. The arm maintains high stability with no deformation and enters the frame to Select the right arm, grab the bright blue smooth stapler, and move it to the rectangular wedge-shaped displaystand"
episode283,move_stapler_pad,"In a fixed robotic workspace, generate a rigid, physically consistent embodied robotic arm. The arm maintains high stability with no deformation and enters the frame to Relocate the stapler with orange top lever to the Green colored mat"
episode284,place_bread_basket,"In a fixed robotic workspace, generate a rigid, physically consistent embodied robotic arm. The arm maintains high stability with no deformation and enters the frame to Lift the soft brown bread and set it in the palm-sized breadbasket."
episode285,move_can_pot,"In a fixed robotic workspace, generate a rigid, physically consistent embodied robotic arm. The arm maintains high stability with no deformation and enters the frame to Use the left arm to pick the metal body sauce can up and set it beside the blue kitchenpot with smooth matte sides"
episode286,shake_bottle,"In a fixed robotic workspace, generate a rigid, physically consistent embodied robotic arm. The arm maintains high stability with no deformation and enters the frame to Shake the green bottle with indented base after grabbing it."
episode287,move_pillbottle_pad,"In a fixed robotic workspace, generate a rigid, physically consistent embodied robotic arm. The arm maintains high stability with no deformation and enters the frame to Pick the orange bottle with blue stripe label up and drop it onto the pad"
episode288,place_bread_basket,"In a fixed robotic workspace, generate a rigid, physically consistent embodied robotic arm. The arm maintains high stability with no deformation and enters the frame to Place the round bread with braided top and the golden crusted bread slice in the breadbasket for baking using the dual arm"
episode289,stack_blocks_two,"In a fixed robotic workspace, generate a rigid, physically consistent embodied robotic arm. The arm maintains high stability with no deformation and enters the frame to Utilize the left arm to grab red block and the right arm to grab green block, move them to the middle, and stack green block above red block."
episode290,put_bottles_dustbin,"In a fixed robotic workspace, generate a rigid, physically consistent embodied robotic arm. The arm maintains high stability with no deformation and enters the frame to Take the yellow bottle with smooth texture with arms, put it in the black garbage bin, repeat the same for the clear bottle with blue sections and the rounded bottle with a white neck."
episode291,place_container_plate,"In a fixed robotic workspace, generate a rigid, physically consistent embodied robotic arm. The arm maintains high stability with no deformation and enters the frame to Position the container onto the dish plate using the blue bowl."
episode292,handover_mic,"In a fixed robotic workspace, generate a rigid, physically consistent embodied robotic arm. The arm maintains high stability with no deformation and enters the frame to Use the right arm to grab the white and teal sound microphone and transfer it to the left arm."
episode293,place_container_plate,"In a fixed robotic workspace, generate a rigid, physically consistent embodied robotic arm. The arm maintains high stability with no deformation and enters the frame to Catch the container with the bowl-shaped white ceramic cup and drop onto the medium plate for food."
episode294,place_mouse_pad,"In a fixed robotic workspace, generate a rigid, physically consistent embodied robotic arm. The arm maintains high stability with no deformation and enters the frame to Take hold of the computer mouse with the right arm and drop it on the Gray mat."
episode295,place_a2b_right,"In a fixed robotic workspace, generate a rigid, physically consistent embodied robotic arm. The arm maintains high stability with no deformation and enters the frame to Set the light golden brown bread on the right side of the bell with protruding knob."
episode296,shake_bottle,"In a fixed robotic workspace, generate a rigid, physically consistent embodied robotic arm. The arm maintains high stability with no deformation and enters the frame to Shake the the ridged orange bottle with grooves properly after lifting."
episode297,adjust_bottle,"In a fixed robotic workspace, generate a rigid, physically consistent embodied robotic arm. The arm maintains high stability with no deformation and enters the frame to Lift the bottle with ridges on bottom from the table and secure upright"
episode298,handover_mic,"In a fixed robotic workspace, generate a rigid, physically consistent embodied robotic arm. The arm maintains high stability with no deformation and enters the frame to Secure the mesh-patterned microphone head from the table and transfer it."
episode299,place_a2b_right,"In a fixed robotic workspace, generate a rigid, physically consistent embodied robotic arm. The arm maintains high stability with no deformation and enters the frame to Put the dark mouse with slight textured sides at the right of the beige-edged green tea box"
episode300,place_cans_plasticbox,"In a fixed robotic workspace, generate a rigid, physically consistent embodied robotic arm. The arm maintains high stability with no deformation and enters the frame to Use both arms to place the colorful can with lime and orange design and the can with gold top lid into the boxy light blue plasticbox."
episode301,beat_block_hammer,"In a fixed robotic workspace, generate a rigid, physically consistent embodied robotic arm. The arm maintains high stability with no deformation and enters the frame to Grab the silver hammer and use it to hit"
episode302,place_dual_shoes,"In a fixed robotic workspace, generate a rigid, physically consistent embodied robotic arm. The arm maintains high stability with no deformation and enters the frame to Put two the footwear with padded heel into the medium-sized box with Nike swoosh, shoe tips left."
episode303,place_a2b_left,"In a fixed robotic workspace, generate a rigid, physically consistent embodied robotic arm. The arm maintains high stability with no deformation and enters the frame to Use the right arm to put the slanted rectangular soap left of the playingcards box with white symbols"
episode304,move_pillbottle_pad,"In a fixed robotic workspace, generate a rigid, physically consistent embodied robotic arm. The arm maintains high stability with no deformation and enters the frame to Use the right arm to lift the plastic bottle with ridged cap and position it"
episode305,place_bread_basket,"In a fixed robotic workspace, generate a rigid, physically consistent embodied robotic arm. The arm maintains high stability with no deformation and enters the frame to Move the rounded square loaf to the light beige rectangular breadbasket using one arm."
episode306,put_bottles_dustbin,"In a fixed robotic workspace, generate a rigid, physically consistent embodied robotic arm. The arm maintains high stability with no deformation and enters the frame to Pick the medium plastic bottle with tapered neck and move it into the black garbage bin, repeat for the bottle for holding liquids and the plastic bottle with red cap."
episode307,pick_diverse_bottles,"In a fixed robotic workspace, generate a rigid, physically consistent embodied robotic arm. The arm maintains high stability with no deformation and enters the frame to Grab the curved bottle with white top, pick up the light and medium-sized bottle."
episode308,place_shoe,"In a fixed robotic workspace, generate a rigid, physically consistent embodied robotic arm. The arm maintains high stability with no deformation and enters the frame to Pick up the rubber-soled black-striped shoe from the table and set it on the mat"
episode309,place_a2b_left,"In a fixed robotic workspace, generate a rigid, physically consistent embodied robotic arm. The arm maintains high stability with no deformation and enters the frame to Grab the playingcards box with white accents with the left arm and set left of the soft square bread"
episode310,blocks_ranking_size,"In a fixed robotic workspace, generate a rigid, physically consistent embodied robotic arm. The arm maintains high stability with no deformation and enters the frame to Arrange large block, medium block, and small block by size at the center."
episode311,place_cans_plasticbox,"In a fixed robotic workspace, generate a rigid, physically consistent embodied robotic arm. The arm maintains high stability with no deformation and enters the frame to Use both arms to place the small light brown cylindrical can and the colorful can with lime and orange design inside the plasticbox with smooth plastic texture."
episode312,place_dual_shoes,"In a fixed robotic workspace, generate a rigid, physically consistent embodied robotic arm. The arm maintains high stability with no deformation and enters the frame to Take two the grooved sole red shoe, ensure tips left, place in the smooth orange box for shoes."
episode313,place_container_plate,"In a fixed robotic workspace, generate a rigid, physically consistent embodied robotic arm. The arm maintains high stability with no deformation and enters the frame to Move the container with the rounded bowl with open top to the medium round flat plate."
episode314,place_phone_stand,"In a fixed robotic workspace, generate a rigid, physically consistent embodied robotic arm. The arm maintains high stability with no deformation and enters the frame to Move the phone with smooth glass front onto the phonestand for holding phones."
episode315,blocks_ranking_rgb,"In a fixed robotic workspace, generate a rigid, physically consistent embodied robotic arm. The arm maintains high stability with no deformation and enters the frame to Begin by placing red block on the left, then add green block to the right, and finish with blue block."
episode316,stack_blocks_three,"In a fixed robotic workspace, generate a rigid, physically consistent embodied robotic arm. The arm maintains high stability with no deformation and enters the frame to Relocate red block, green block, and blue block to the table's center, stacking blue block over green block and green block over red block."
episode317,place_mouse_pad,"In a fixed robotic workspace, generate a rigid, physically consistent embodied robotic arm. The arm maintains high stability with no deformation and enters the frame to Take hold of the the oval-shaped mouse for computer use and place it on the Magenta mat."
episode318,shake_bottle,"In a fixed robotic workspace, generate a rigid, physically consistent embodied robotic arm. The arm maintains high stability with no deformation and enters the frame to Shake the bottle with white printed label after holding it firmly."
episode319,dump_bin_bigbin,"In a fixed robotic workspace, generate a rigid, physically consistent embodied robotic arm. The arm maintains high stability with no deformation and enters the frame to Grab and tilt the simple white plastic trashbin to empty the balls."
episode320,pick_diverse_bottles,"In a fixed robotic workspace, generate a rigid, physically consistent embodied robotic arm. The arm maintains high stability with no deformation and enters the frame to Lift the bottle with white neck and red top with one arm and the handheld green bottle with the other."
episode321,place_bread_basket,"In a fixed robotic workspace, generate a rigid, physically consistent embodied robotic arm. The arm maintains high stability with no deformation and enters the frame to Move the medium bread with rounded sides and the smooth loaf with rounded edges at once into the breadbasket for bread storage."
episode322,stack_bowls_three,"In a fixed robotic workspace, generate a rigid, physically consistent embodied robotic arm. The arm maintains high stability with no deformation and enters the frame to Grab a the glazed bowl with curved sides, set it down, and stack the rest on it."
episode323,rotate_qrcode,"In a fixed robotic workspace, generate a rigid, physically consistent embodied robotic arm. The arm maintains high stability with no deformation and enters the frame to Grab the compact paymentsign for scanning payments, lift it from the table, and rotate it QR front"
episode324,grab_roller,"In a fixed robotic workspace, generate a rigid, physically consistent embodied robotic arm. The arm maintains high stability with no deformation and enters the frame to Use arms to hold the light brown roller tightly."
episode325,place_mouse_pad,"In a fixed robotic workspace, generate a rigid, physically consistent embodied robotic arm. The arm maintains high stability with no deformation and enters the frame to Pick up the the dark ergonomic mouse for computer navigation with the right arm and move it to the Magenta mat."
episode326,open_laptop,"In a fixed robotic workspace, generate a rigid, physically consistent embodied robotic arm. The arm maintains high stability with no deformation and enters the frame to Use the right arm to raise the medium-sized laptop."
episode327,place_phone_stand,"In a fixed robotic workspace, generate a rigid, physically consistent embodied robotic arm. The arm maintains high stability with no deformation and enters the frame to Lift the phone with metallic body onto the compact plastic phonestand."
episode328,place_bread_basket,"In a fixed robotic workspace, generate a rigid, physically consistent embodied robotic arm. The arm maintains high stability with no deformation and enters the frame to Grab both the bread with firm crust edges and the soft brown bread with the dual arm and place in the breadbasket for small food items."
episode329,shake_bottle_horizontally,"In a fixed robotic workspace, generate a rigid, physically consistent embodied robotic arm. The arm maintains high stability with no deformation and enters the frame to Shake the medium bottle with orange lid horizontally after lifting with the left arm."
episode330,open_laptop,"In a fixed robotic workspace, generate a rigid, physically consistent embodied robotic arm. The arm maintains high stability with no deformation and enters the frame to Use the right arm to open the laptop with rectangular display screen."
episode331,dump_bin_bigbin,"In a fixed robotic workspace, generate a rigid, physically consistent embodied robotic arm. The arm maintains high stability with no deformation and enters the frame to Use the arm to lift the cylindrical tabletrashbin with flared rim and empty it."
episode332,dump_bin_bigbin,"In a fixed robotic workspace, generate a rigid, physically consistent embodied robotic arm. The arm maintains high stability with no deformation and enters the frame to Pick the simple white plastic trashbin up, pour all balls inside bin"
episode333,rotate_qrcode,"In a fixed robotic workspace, generate a rigid, physically consistent embodied robotic arm. The arm maintains high stability with no deformation and enters the frame to Pick up the paymentsign and adjust its position to face the qrcode towards you."
episode334,pick_dual_bottles,"In a fixed robotic workspace, generate a rigid, physically consistent embodied robotic arm. The arm maintains high stability with no deformation and enters the frame to Lift the Coca-Cola bottle and the bottle with white printed label together with both hands."
episode335,stack_blocks_two,"In a fixed robotic workspace, generate a rigid, physically consistent embodied robotic arm. The arm maintains high stability with no deformation and enters the frame to Use the left arm to move red block and the right arm to position green block."
episode336,turn_switch,"In a fixed robotic workspace, generate a rigid, physically consistent embodied robotic arm. The arm maintains high stability with no deformation and enters the frame to Locate and press the black switch with metallic connectors"
episode337,place_a2b_left,"In a fixed robotic workspace, generate a rigid, physically consistent embodied robotic arm. The arm maintains high stability with no deformation and enters the frame to Set the toycar with black wheels to the left of the orange rectangular woodenblock with added green triangle"
episode338,place_empty_cup,"In a fixed robotic workspace, generate a rigid, physically consistent embodied robotic arm. The arm maintains high stability with no deformation and enters the frame to Use the arm to put the light blue plastic cup onto the coaster made of smooth wood."
episode339,move_can_pot,"In a fixed robotic workspace, generate a rigid, physically consistent embodied robotic arm. The arm maintains high stability with no deformation and enters the frame to Lift the sauce can with flat bottom, then place it next to the smooth teal kitchenpot for stovetop use"
episode340,move_stapler_pad,"In a fixed robotic workspace, generate a rigid, physically consistent embodied robotic arm. The arm maintains high stability with no deformation and enters the frame to Use the left arm to grab the red stapler and place it on Blue mat"
episode341,place_a2b_left,"In a fixed robotic workspace, generate a rigid, physically consistent embodied robotic arm. The arm maintains high stability with no deformation and enters the frame to Use the right arm to move the playingcards pack with blue top to the left of the sleek black-faced smartphone."
episode342,handover_block,"In a fixed robotic workspace, generate a rigid, physically consistent embodied robotic arm. The arm maintains high stability with no deformation and enters the frame to Hold the red block, transfer to the right arm, then set it down."
episode343,move_stapler_pad,"In a fixed robotic workspace, generate a rigid, physically consistent embodied robotic arm. The arm maintains high stability with no deformation and enters the frame to the right arm transfers the simple stapler to the Magenta mat."
episode344,move_playingcard_away,"In a fixed robotic workspace, generate a rigid, physically consistent embodied robotic arm. The arm maintains high stability with no deformation and enters the frame to Lift the blue carton for playingcards using the right arm and transfer it outward."
episode345,place_object_basket,"In a fixed robotic workspace, generate a rigid, physically consistent embodied robotic arm. The arm maintains high stability with no deformation and enters the frame to Grab the small teal plastic car with windows and drop it in the plastic basket."
episode346,place_mouse_pad,"In a fixed robotic workspace, generate a rigid, physically consistent embodied robotic arm. The arm maintains high stability with no deformation and enters the frame to Slide the the wireless dark gray computer mouse onto the Blue mat gently."
episode347,open_microwave,"In a fixed robotic workspace, generate a rigid, physically consistent embodied robotic arm. The arm maintains high stability with no deformation and enters the frame to Open the gray appliance with transparent glass top by pulling with the left arm."
episode348,blocks_ranking_size,"In a fixed robotic workspace, generate a rigid, physically consistent embodied robotic arm. The arm maintains high stability with no deformation and enters the frame to Position large block, medium block, and small block centrally, ordered from largest to smallest."
episode349,place_object_scale,"In a fixed robotic workspace, generate a rigid, physically consistent embodied robotic arm. The arm maintains high stability with no deformation and enters the frame to Lift the mouse with ergonomic design with the left arm and position it on the electronicscale smooth and glossy"
episode350,scan_object,"In a fixed robotic workspace, generate a rigid, physically consistent embodied robotic arm. The arm maintains high stability with no deformation and enters the frame to the left arm grabs the black scanner, the right arm picks the rectangle tea-box, and the black scanner scans the rectangle tea-box."
episode351,stack_bowls_three,"In a fixed robotic workspace, generate a rigid, physically consistent embodied robotic arm. The arm maintains high stability with no deformation and enters the frame to Stack all three the bowl with shiny texture by placing one on top of another."
episode352,place_object_scale,"In a fixed robotic workspace, generate a rigid, physically consistent embodied robotic arm. The arm maintains high stability with no deformation and enters the frame to After grabbing the oval-shaped mouse for computer use, place it on the small rectangular electronicscale."
episode353,place_phone_stand,"In a fixed robotic workspace, generate a rigid, physically consistent embodied robotic arm. The arm maintains high stability with no deformation and enters the frame to Carry the phone with digital display to the light brown phone holder."
episode354,lift_pot,"In a fixed robotic workspace, generate a rigid, physically consistent embodied robotic arm. The arm maintains high stability with no deformation and enters the frame to Grab the metal kitchenpot and lift it upwards"
episode355,move_pillbottle_pad,"In a fixed robotic workspace, generate a rigid, physically consistent embodied robotic arm. The arm maintains high stability with no deformation and enters the frame to Move the plastic bottle with teal bands to the pad and leave it there"
episode356,click_alarmclock,"In a fixed robotic workspace, generate a rigid, physically consistent embodied robotic arm. The arm maintains high stability with no deformation and enters the frame to Click the center button on the small alarm-clock's top side."
episode357,scan_object,"In a fixed robotic workspace, generate a rigid, physically consistent embodied robotic arm. The arm maintains high stability with no deformation and enters the frame to Use the right arm to pick the barcode scanner with flat top, the left arm to grab the compact beige box for tea, and scan the compact beige box for tea using the barcode scanner with flat top."
episode358,shake_bottle_horizontally,"In a fixed robotic workspace, generate a rigid, physically consistent embodied robotic arm. The arm maintains high stability with no deformation and enters the frame to Use the right arm to hold the dark drink bottle with logo and shake it sideways."
episode359,blocks_ranking_rgb,"In a fixed robotic workspace, generate a rigid, physically consistent embodied robotic arm. The arm maintains high stability with no deformation and enters the frame to Line up the objects in the order red block, green block, and blue block, starting from the left."
episode360,place_object_basket,"In a fixed robotic workspace, generate a rigid, physically consistent embodied robotic arm. The arm maintains high stability with no deformation and enters the frame to Put the palm-sized box for playing cards in the handheld basket, then move the handheld basket away slightly."
episode361,stack_bowls_two,"In a fixed robotic workspace, generate a rigid, physically consistent embodied robotic arm. The arm maintains high stability with no deformation and enters the frame to Pick up the blue bowl with slightly rounded base, place it down, then position the blue bowl on top."
episode362,place_a2b_left,"In a fixed robotic workspace, generate a rigid, physically consistent embodied robotic arm. The arm maintains high stability with no deformation and enters the frame to Use the left arm to put the small toycar for kids play left of the rounded bar of dark soap"
episode363,pick_dual_bottles,"In a fixed robotic workspace, generate a rigid, physically consistent embodied robotic arm. The arm maintains high stability with no deformation and enters the frame to Take the brown bottle with red label, then use the other arm for the medium green bottle with capped neck."
episode364,dump_bin_bigbin,"In a fixed robotic workspace, generate a rigid, physically consistent embodied robotic arm. The arm maintains high stability with no deformation and enters the frame to Grab the small rectangular bin for waste, pour its contents away."
episode365,place_burger_fries,"In a fixed robotic workspace, generate a rigid, physically consistent embodied robotic arm. The arm maintains high stability with no deformation and enters the frame to Grab the white hamburg, grab the McDonald's logo on red fries box, and set both onto the medium rectangular flat tray."
episode366,rotate_qrcode,"In a fixed robotic workspace, generate a rigid, physically consistent embodied robotic arm. The arm maintains high stability with no deformation and enters the frame to Lift the paymentsign for scanning QR codes and rotate for its qrcode to face you."
episode367,stack_blocks_two,"In a fixed robotic workspace, generate a rigid, physically consistent embodied robotic arm. The arm maintains high stability with no deformation and enters the frame to Grab red block, set it in the center, then stack green block over it."
episode368,place_a2b_right,"In a fixed robotic workspace, generate a rigid, physically consistent embodied robotic arm. The arm maintains high stability with no deformation and enters the frame to Set the smooth glossy tea-box properly on the right of the grainy-textured woodenblock."
episode369,stack_bowls_two,"In a fixed robotic workspace, generate a rigid, physically consistent embodied robotic arm. The arm maintains high stability with no deformation and enters the frame to Position the ceramic bowl with earthy brown trim with the arm, then set the dark inside bowl light blue outside above it."
episode370,place_phone_stand,"In a fixed robotic workspace, generate a rigid, physically consistent embodied robotic arm. The arm maintains high stability with no deformation and enters the frame to Take the flat phone to the dark green holder with clamp."
episode371,move_playingcard_away,"In a fixed robotic workspace, generate a rigid, physically consistent embodied robotic arm. The arm maintains high stability with no deformation and enters the frame to Grab the blue pack holding playingcards and move it further outward."
episode372,shake_bottle_horizontally,"In a fixed robotic workspace, generate a rigid, physically consistent embodied robotic arm. The arm maintains high stability with no deformation and enters the frame to Use the left arm to grab the plastic bottle and move it horizontally."
episode373,hanging_mug,"In a fixed robotic workspace, generate a rigid, physically consistent embodied robotic arm. The arm maintains high stability with no deformation and enters the frame to Grab the medium mug with handle from the table, rotate it, place it, and hang it onto the angled rack with long and short rods."
episode374,stack_blocks_two,"In a fixed robotic workspace, generate a rigid, physically consistent embodied robotic arm. The arm maintains high stability with no deformation and enters the frame to Relocate red block and green block to the table's midpoint, and stack green block on top of red block."
episode375,beat_block_hammer,"In a fixed robotic workspace, generate a rigid, physically consistent embodied robotic arm. The arm maintains high stability with no deformation and enters the frame to Pick up the grippy handle hammer using the left arm, hammer the block."
episode376,shake_bottle_horizontally,"In a fixed robotic workspace, generate a rigid, physically consistent embodied robotic arm. The arm maintains high stability with no deformation and enters the frame to Lift the light gray colored container bottle using the right arm and shake horizontally."
episode377,stack_blocks_three,"In a fixed robotic workspace, generate a rigid, physically consistent embodied robotic arm. The arm maintains high stability with no deformation and enters the frame to With the right arm, the left arm, and the left arm, shift red block, green block, and blue block to the center and arrange blue block over green block, green block on red block."
episode378,dump_bin_bigbin,"In a fixed robotic workspace, generate a rigid, physically consistent embodied robotic arm. The arm maintains high stability with no deformation and enters the frame to Hold the smooth plastic tabletrashbin and pour all balls into bin"
episode379,beat_block_hammer,"In a fixed robotic workspace, generate a rigid, physically consistent embodied robotic arm. The arm maintains high stability with no deformation and enters the frame to Use the black and yellow hammer grip to hammer the block."
episode380,scan_object,"In a fixed robotic workspace, generate a rigid, physically consistent embodied robotic arm. The arm maintains high stability with no deformation and enters the frame to Take the black scanner in the left arm, pick the tea-box in the right arm, and scan the tea-box using the black scanner."
episode381,stamp_seal,"In a fixed robotic workspace, generate a rigid, physically consistent embodied robotic arm. The arm maintains high stability with no deformation and enters the frame to Grab the hand-sized red and black seal, align it with Gray"
episode382,click_bell,"In a fixed robotic workspace, generate a rigid, physically consistent embodied robotic arm. The arm maintains high stability with no deformation and enters the frame to Press the top center of the small desk bell for tapping on table."
episode383,click_bell,"In a fixed robotic workspace, generate a rigid, physically consistent embodied robotic arm. The arm maintains high stability with no deformation and enters the frame to Use the left arm to press the bell shaped like half-circle dome's top section."
episode384,place_a2b_right,"In a fixed robotic workspace, generate a rigid, physically consistent embodied robotic arm. The arm maintains high stability with no deformation and enters the frame to Move the bell with protruding knob to the brown and gray multimedia phone's right position."
episode385,stack_bowls_two,"In a fixed robotic workspace, generate a rigid, physically consistent embodied robotic arm. The arm maintains high stability with no deformation and enters the frame to Lift the ceramic bowl with earthy brown trim, stack it precisely on top of the bowl with brown outer rim."
episode386,dump_bin_bigbin,"In a fixed robotic workspace, generate a rigid, physically consistent embodied robotic arm. The arm maintains high stability with no deformation and enters the frame to Pick the light gray cylindrical trashbin up, pour all balls inside bin"
episode387,pick_diverse_bottles,"In a fixed robotic workspace, generate a rigid, physically consistent embodied robotic arm. The arm maintains high stability with no deformation and enters the frame to Pick the red-capped bottle with one hand, pick the bottle with narrow top next."
episode388,blocks_ranking_rgb,"In a fixed robotic workspace, generate a rigid, physically consistent embodied robotic arm. The arm maintains high stability with no deformation and enters the frame to Put red block first, green block next, and blue block last in a straight line from left to right, using the right arm, the left arm, and the left arm."
episode389,handover_block,"In a fixed robotic workspace, generate a rigid, physically consistent embodied robotic arm. The arm maintains high stability with no deformation and enters the frame to Pick up the red block using the left arm, give it to the right arm, and place it on the blue pad."
episode390,move_stapler_pad,"In a fixed robotic workspace, generate a rigid, physically consistent embodied robotic arm. The arm maintains high stability with no deformation and enters the frame to Place the small stapler onto the Red colored mat."
episode391,open_laptop,"In a fixed robotic workspace, generate a rigid, physically consistent embodied robotic arm. The arm maintains high stability with no deformation and enters the frame to Use the right arm to open the laptop with black keyboard."
episode392,stack_blocks_three,"In a fixed robotic workspace, generate a rigid, physically consistent embodied robotic arm. The arm maintains high stability with no deformation and enters the frame to With the left arm, the right arm, the right arm, position red block, green block, blue block at the table's center and stack blue block on green block, green block on red block."
episode393,move_pillbottle_pad,"In a fixed robotic workspace, generate a rigid, physically consistent embodied robotic arm. The arm maintains high stability with no deformation and enters the frame to Pick the smooth-textured brown bottle using the right arm and set it on pad"
episode394,grab_roller,"In a fixed robotic workspace, generate a rigid, physically consistent embodied robotic arm. The arm maintains high stability with no deformation and enters the frame to Pick up the long slim roller from the table directly."
episode395,blocks_ranking_rgb,"In a fixed robotic workspace, generate a rigid, physically consistent embodied robotic arm. The arm maintains high stability with no deformation and enters the frame to Pick up red block, green block, and blue block in sequence and position them in a left-to-right row."
episode396,place_can_basket,"In a fixed robotic workspace, generate a rigid, physically consistent embodied robotic arm. The arm maintains high stability with no deformation and enters the frame to Lift the white can with 3D RADY label, put it in the basket with perforated sides, and carry the basket with perforated sides afterward."
episode397,click_alarmclock,"In a fixed robotic workspace, generate a rigid, physically consistent embodied robotic arm. The arm maintains high stability with no deformation and enters the frame to the right arm presses the center top button on the lightweight plastic alarm-clock"
episode398,pick_dual_bottles,"In a fixed robotic workspace, generate a rigid, physically consistent embodied robotic arm. The arm maintains high stability with no deformation and enters the frame to Catch the Coca-Cola bottle in one arm and the bottle with rounded neck in the other arm."
episode399,place_cans_plasticbox,"In a fixed robotic workspace, generate a rigid, physically consistent embodied robotic arm. The arm maintains high stability with no deformation and enters the frame to Use dual arms to pick the metal can with pull-tab top and the metallic can with rounded edges, placing both in the plasticbox for keeping items safe."
episode400,turn_switch,"In a fixed robotic workspace, generate a rigid, physically consistent embodied robotic arm. The arm maintains high stability with no deformation and enters the frame to Activate the small switch directly"
episode401,shake_bottle,"In a fixed robotic workspace, generate a rigid, physically consistent embodied robotic arm. The arm maintains high stability with no deformation and enters the frame to Shake the smooth orange bottle thoroughly after grabbing it."
episode402,open_microwave,"In a fixed robotic workspace, generate a rigid, physically consistent embodied robotic arm. The arm maintains high stability with no deformation and enters the frame to Open the gray appliance with transparent glass top by pulling on its handle."
episode403,place_a2b_left,"In a fixed robotic workspace, generate a rigid, physically consistent embodied robotic arm. The arm maintains high stability with no deformation and enters the frame to Stick the phone with printed back design on the left of the green car-shaped toycar"
episode404,lift_pot,"In a fixed robotic workspace, generate a rigid, physically consistent embodied robotic arm. The arm maintains high stability with no deformation and enters the frame to Hold the dark gray stove kitchenpot firmly, then lift."
episode405,turn_switch,"In a fixed robotic workspace, generate a rigid, physically consistent embodied robotic arm. The arm maintains high stability with no deformation and enters the frame to Trigger the smooth red switch with labels without referencing the right arm"
episode406,handover_block,"In a fixed robotic workspace, generate a rigid, physically consistent embodied robotic arm. The arm maintains high stability with no deformation and enters the frame to Place the red block onto the blue pad using the right arm."
episode407,open_laptop,"In a fixed robotic workspace, generate a rigid, physically consistent embodied robotic arm. The arm maintains high stability with no deformation and enters the frame to With the left arm, open the orange laptop's lid."
episode408,place_fan,"In a fixed robotic workspace, generate a rigid, physically consistent embodied robotic arm. The arm maintains high stability with no deformation and enters the frame to Take the portable white fan with the left arm, put it on the Black mat, and make it face the robot"
episode409,stack_blocks_two,"In a fixed robotic workspace, generate a rigid, physically consistent embodied robotic arm. The arm maintains high stability with no deformation and enters the frame to Move red block to the middle and put green block on top of it."
episode410,place_bread_skillet,"In a fixed robotic workspace, generate a rigid, physically consistent embodied robotic arm. The arm maintains high stability with no deformation and enters the frame to Lift the bread with split top and drop it into the medium skillet."
episode411,place_bread_basket,"In a fixed robotic workspace, generate a rigid, physically consistent embodied robotic arm. The arm maintains high stability with no deformation and enters the frame to Pick the golden bread loaf with soft inside and move it to the synthetic material breadbasket."
episode412,click_bell,"In a fixed robotic workspace, generate a rigid, physically consistent embodied robotic arm. The arm maintains high stability with no deformation and enters the frame to Tap the compact tabletop bell's top center with the right arm."
episode413,shake_bottle,"In a fixed robotic workspace, generate a rigid, physically consistent embodied robotic arm. The arm maintains high stability with no deformation and enters the frame to Grab the bottle shaped like small cylinder and shake it steadily."
episode414,grab_roller,"In a fixed robotic workspace, generate a rigid, physically consistent embodied robotic arm. The arm maintains high stability with no deformation and enters the frame to Grasp the smooth light brown roller firmly from the table."
episode415,place_bread_basket,"In a fixed robotic workspace, generate a rigid, physically consistent embodied robotic arm. The arm maintains high stability with no deformation and enters the frame to Put the hand-sized bread block into the breadbasket for holding bread after grabbing it."
episode416,move_playingcard_away,"In a fixed robotic workspace, generate a rigid, physically consistent embodied robotic arm. The arm maintains high stability with no deformation and enters the frame to Place the cardboard playing cards box away from the table outward."
episode417,hanging_mug,"In a fixed robotic workspace, generate a rigid, physically consistent embodied robotic arm. The arm maintains high stability with no deformation and enters the frame to Use your left arm to pick the smooth white mug, rotate it, set it down, and hang it onto the rack with two rods sticking out."
episode418,grab_roller,"In a fixed robotic workspace, generate a rigid, physically consistent embodied robotic arm. The arm maintains high stability with no deformation and enters the frame to Use both arms to grab the roller with smooth texture."
episode419,place_empty_cup,"In a fixed robotic workspace, generate a rigid, physically consistent embodied robotic arm. The arm maintains high stability with no deformation and enters the frame to Use the arm to slide the cup for holding liquids onto the grainy texture coaster."
episode420,press_stapler,"In a fixed robotic workspace, generate a rigid, physically consistent embodied robotic arm. The arm maintains high stability with no deformation and enters the frame to Use an arm to press the small stapler"
episode421,turn_switch,"In a fixed robotic workspace, generate a rigid, physically consistent embodied robotic arm. The arm maintains high stability with no deformation and enters the frame to Tap the slanted-edge plastic black switch to engage it"
episode422,pick_dual_bottles,"In a fixed robotic workspace, generate a rigid, physically consistent embodied robotic arm. The arm maintains high stability with no deformation and enters the frame to Pick the bottle with white neck and red top in one arm and the bottle with white printed label in the other."
episode423,rotate_qrcode,"In a fixed robotic workspace, generate a rigid, physically consistent embodied robotic arm. The arm maintains high stability with no deformation and enters the frame to Pick the rectangular paymentsign with stand up, rotate it, and ensure the QR code faces you."
episode424,place_object_basket,"In a fixed robotic workspace, generate a rigid, physically consistent embodied robotic arm. The arm maintains high stability with no deformation and enters the frame to Grab the hand-sized playingcards container, drop it in the wooden basket with curved handle, shift the wooden basket with curved handle."
episode425,rotate_qrcode,"In a fixed robotic workspace, generate a rigid, physically consistent embodied robotic arm. The arm maintains high stability with no deformation and enters the frame to Catch the paymentsign resting on angled base, pick it up, and rotate to show the QR code."
episode426,place_cans_plasticbox,"In a fixed robotic workspace, generate a rigid, physically consistent embodied robotic arm. The arm maintains high stability with no deformation and enters the frame to Identify the small aluminum red drink can, place it in the plasticbox for keeping items safe, do the same for the metal can with printed white graphics."
episode427,place_can_basket,"In a fixed robotic workspace, generate a rigid, physically consistent embodied robotic arm. The arm maintains high stability with no deformation and enters the frame to Use the left arm to pick the light brown can with smooth texture, place it inside the rectangular yellow basket, then lift the rectangular yellow basket."
episode428,place_shoe,"In a fixed robotic workspace, generate a rigid, physically consistent embodied robotic arm. The arm maintains high stability with no deformation and enters the frame to Take the the shoe with curved sole from the table using the left arm and drop it on the mat"
episode429,place_container_plate,"In a fixed robotic workspace, generate a rigid, physically consistent embodied robotic arm. The arm maintains high stability with no deformation and enters the frame to Stick the container onto the ceramic plate with smooth surface using the medium bowl for food or items."
episode430,place_container_plate,"In a fixed robotic workspace, generate a rigid, physically consistent embodied robotic arm. The arm maintains high stability with no deformation and enters the frame to Use the smooth light gray bowl to place the container into the ceramic plate with smooth surface"
episode431,open_microwave,"In a fixed robotic workspace, generate a rigid, physically consistent embodied robotic arm. The arm maintains high stability with no deformation and enters the frame to Use the left arm to pull open the door of the rectangular microwave with clear glass panel."
episode432,hanging_mug,"In a fixed robotic workspace, generate a rigid, physically consistent embodied robotic arm. The arm maintains high stability with no deformation and enters the frame to Take the ceramic mug, rotate it, set it on the table's center, then hang it onto the smooth dark gray rack."
episode433,stack_blocks_three,"In a fixed robotic workspace, generate a rigid, physically consistent embodied robotic arm. The arm maintains high stability with no deformation and enters the frame to Relocate red block, green block, and blue block to the center with the left arm, the left arm, the right arm, and stack blue block on green block, green block on red block."
episode434,place_fan,"In a fixed robotic workspace, generate a rigid, physically consistent embodied robotic arm. The arm maintains high stability with no deformation and enters the frame to Pick up the off-white fan and place it on the Brown mat ensuring it faces the robot."
episode435,place_phone_stand,"In a fixed robotic workspace, generate a rigid, physically consistent embodied robotic arm. The arm maintains high stability with no deformation and enters the frame to Take the phone with smooth glossy screen to the dark green holder with clamp."
episode436,place_cans_plasticbox,"In a fixed robotic workspace, generate a rigid, physically consistent embodied robotic arm. The arm maintains high stability with no deformation and enters the frame to Move the metal can with pull-tab top and the smooth light brown can one at a time into the plasticbox for keeping items safe."
episode437,move_can_pot,"In a fixed robotic workspace, generate a rigid, physically consistent embodied robotic arm. The arm maintains high stability with no deformation and enters the frame to Use the right arm to take the medium sauce can with white lid to the blue kitchenpot lid with black knob"
episode438,grab_roller,"In a fixed robotic workspace, generate a rigid, physically consistent embodied robotic arm. The arm maintains high stability with no deformation and enters the frame to Secure the medium-sized roller from the table using arms"
episode439,shake_bottle,"In a fixed robotic workspace, generate a rigid, physically consistent embodied robotic arm. The arm maintains high stability with no deformation and enters the frame to Pick the red-capped bottle and perform shaking motion."
episode440,blocks_ranking_size,"In a fixed robotic workspace, generate a rigid, physically consistent embodied robotic arm. The arm maintains high stability with no deformation and enters the frame to Move large block, medium block, and small block to the table center in size order."
episode441,place_a2b_right,"In a fixed robotic workspace, generate a rigid, physically consistent embodied robotic arm. The arm maintains high stability with no deformation and enters the frame to Grasp the medium-sized red tea-box with the left arm and move it to the toycar featuring black and white wheels's right."
episode442,open_laptop,"In a fixed robotic workspace, generate a rigid, physically consistent embodied robotic arm. The arm maintains high stability with no deformation and enters the frame to With the left arm, open the black laptop with blue bottom panel's lid."
episode443,place_can_basket,"In a fixed robotic workspace, generate a rigid, physically consistent embodied robotic arm. The arm maintains high stability with no deformation and enters the frame to Use the right arm for the red can with decorative label, place the red can with decorative label in the bright yellow basket, and lift the bright yellow basket."
episode444,press_stapler,"In a fixed robotic workspace, generate a rigid, physically consistent embodied robotic arm. The arm maintains high stability with no deformation and enters the frame to Operate the small lightweight blue stapler by pressing it with the right arm."
episode445,place_burger_fries,"In a fixed robotic workspace, generate a rigid, physically consistent embodied robotic arm. The arm maintains high stability with no deformation and enters the frame to Grab the rectangular hamburg wrap with printed design and the Rectangular red carton holding fries and position them on the smooth light beige plastic tray."
episode446,place_cans_plasticbox,"In a fixed robotic workspace, generate a rigid, physically consistent embodied robotic arm. The arm maintains high stability with no deformation and enters the frame to Place the red can with decorative label and the metallic red beverage can into the boxy light blue plasticbox with dual arms"
episode447,stack_blocks_three,"In a fixed robotic workspace, generate a rigid, physically consistent embodied robotic arm. The arm maintains high stability with no deformation and enters the frame to Transfer red block, green block, and blue block to the center with the left arm, the right arm, and the right arm, stacking blue block on green block and green block on red block."
episode448,stack_bowls_two,"In a fixed robotic workspace, generate a rigid, physically consistent embodied robotic arm. The arm maintains high stability with no deformation and enters the frame to Place the bowl with shiny texture down, then set the small bowl with brown edge on top of the bowl with shiny texture."
episode449,handover_mic,"In a fixed robotic workspace, generate a rigid, physically consistent embodied robotic arm. The arm maintains high stability with no deformation and enters the frame to Hold the white and teal sound microphone and deliver it to another side."
episode450,place_object_scale,"In a fixed robotic workspace, generate a rigid, physically consistent embodied robotic arm. The arm maintains high stability with no deformation and enters the frame to Take the mouse with two buttons and a scroll wheel and lay it onto the electronicscale for weighing objects"
episode451,open_microwave,"In a fixed robotic workspace, generate a rigid, physically consistent embodied robotic arm. The arm maintains high stability with no deformation and enters the frame to Activate the door to open the gray and glass microwave for cooking."
episode452,pick_diverse_bottles,"In a fixed robotic workspace, generate a rigid, physically consistent embodied robotic arm. The arm maintains high stability with no deformation and enters the frame to Collect the cylindrical bottle, then pick up the smooth plastic bottle with white cap."
episode453,stack_blocks_two,"In a fixed robotic workspace, generate a rigid, physically consistent embodied robotic arm. The arm maintains high stability with no deformation and enters the frame to Center red block using the left arm, then stack green block with the right arm on top."
episode454,pick_dual_bottles,"In a fixed robotic workspace, generate a rigid, physically consistent embodied robotic arm. The arm maintains high stability with no deformation and enters the frame to Use both arms to lift the bottle with yellow cap and the brown bottle with red label."
episode455,place_dual_shoes,"In a fixed robotic workspace, generate a rigid, physically consistent embodied robotic arm. The arm maintains high stability with no deformation and enters the frame to Move a pair of the rounded shoe with visible straps into the shoe-box with Nike printed logo, left tips first."
episode456,move_pillbottle_pad,"In a fixed robotic workspace, generate a rigid, physically consistent embodied robotic arm. The arm maintains high stability with no deformation and enters the frame to Lift the smooth plastic orange bottle with the left arm and drop on pad"
episode457,place_object_stand,"In a fixed robotic workspace, generate a rigid, physically consistent embodied robotic arm. The arm maintains high stability with no deformation and enters the frame to Use the left arm to lift the handy blue stapler with metal parts and set it on the lightweight black rectangular displaystand"
episode458,move_pillbottle_pad,"In a fixed robotic workspace, generate a rigid, physically consistent embodied robotic arm. The arm maintains high stability with no deformation and enters the frame to Use the left arm to take the white and orange storage bottle and move it"
episode459,put_object_cabinet,"In a fixed robotic workspace, generate a rigid, physically consistent embodied robotic arm. The arm maintains high stability with no deformation and enters the frame to Open the drawer of the rectangular slanted cabinet and set the metallic phone with glass screen front inside."
episode460,stack_bowls_three,"In a fixed robotic workspace, generate a rigid, physically consistent embodied robotic arm. The arm maintains high stability with no deformation and enters the frame to Position the first the blue bowl with slightly rounded base, and sequentially add the two above it."
episode461,place_cans_plasticbox,"In a fixed robotic workspace, generate a rigid, physically consistent embodied robotic arm. The arm maintains high stability with no deformation and enters the frame to Place the red can with decorative label and the red can with decorative label into the plasticbox for keeping items safe with dual arms"
episode462,beat_block_hammer,"In a fixed robotic workspace, generate a rigid, physically consistent embodied robotic arm. The arm maintains high stability with no deformation and enters the frame to With the right arm, grab the yellow and black hammer grip and hit the block"
episode463,place_container_plate,"In a fixed robotic workspace, generate a rigid, physically consistent embodied robotic arm. The arm maintains high stability with no deformation and enters the frame to Secure container with the light gray medium-sized bowl, move it, place on the flat round greenish plate."
episode464,click_alarmclock,"In a fixed robotic workspace, generate a rigid, physically consistent embodied robotic arm. The arm maintains high stability with no deformation and enters the frame to Click the center of the alarm-clock with buttons on side's top"
episode465,move_playingcard_away,"In a fixed robotic workspace, generate a rigid, physically consistent embodied robotic arm. The arm maintains high stability with no deformation and enters the frame to Use the left arm to grab the blue carton for playingcards and move it away."
episode466,place_bread_skillet,"In a fixed robotic workspace, generate a rigid, physically consistent embodied robotic arm. The arm maintains high stability with no deformation and enters the frame to Set the bread with soft texture into the gray cooking pan with handle after grabbing"
episode467,handover_mic,"In a fixed robotic workspace, generate a rigid, physically consistent embodied robotic arm. The arm maintains high stability with no deformation and enters the frame to Lift the mesh-patterned microphone head and hand it over to the other side."
episode468,place_phone_stand,"In a fixed robotic workspace, generate a rigid, physically consistent embodied robotic arm. The arm maintains high stability with no deformation and enters the frame to Carry the sleek black-faced smartphone to the light brown phonestand."
episode469,move_pillbottle_pad,"In a fixed robotic workspace, generate a rigid, physically consistent embodied robotic arm. The arm maintains high stability with no deformation and enters the frame to Pick the orange bottle for pills or liquid up and drop it onto the pad"
episode470,move_stapler_pad,"In a fixed robotic workspace, generate a rigid, physically consistent embodied robotic arm. The arm maintains high stability with no deformation and enters the frame to Use the right arm to grab the blue stapler and place it on Gray mat"
episode471,stamp_seal,"In a fixed robotic workspace, generate a rigid, physically consistent embodied robotic arm. The arm maintains high stability with no deformation and enters the frame to the right arm grabs the brown seal, stamps Maroon"
episode472,handover_block,"In a fixed robotic workspace, generate a rigid, physically consistent embodied robotic arm. The arm maintains high stability with no deformation and enters the frame to Grasp the block in your left arm, pass it into the right, and place it onto the blue pad."
episode473,place_a2b_left,"In a fixed robotic workspace, generate a rigid, physically consistent embodied robotic arm. The arm maintains high stability with no deformation and enters the frame to With the left arm, position the dark mouse with slight textured sides left of the tea box with leafy design"
episode474,place_cans_plasticbox,"In a fixed robotic workspace, generate a rigid, physically consistent embodied robotic arm. The arm maintains high stability with no deformation and enters the frame to Move the rounded red Coca-Cola soda container and the light brown can with smooth texture together into the plasticbox with grooved sides"
episode475,handover_block,"In a fixed robotic workspace, generate a rigid, physically consistent embodied robotic arm. The arm maintains high stability with no deformation and enters the frame to Grasp the red block with your left arm, transfer it into the right, and place it on the blue pad."
episode476,place_shoe,"In a fixed robotic workspace, generate a rigid, physically consistent embodied robotic arm. The arm maintains high stability with no deformation and enters the frame to Move the shoe for walking with rubber grip from the table to the mat in one fluid motion"
episode477,put_object_cabinet,"In a fixed robotic workspace, generate a rigid, physically consistent embodied robotic arm. The arm maintains high stability with no deformation and enters the frame to Open the rectangular cabinet's drawer and move the block-shaped bread with rounded edges into it."
episode478,rotate_qrcode,"In a fixed robotic workspace, generate a rigid, physically consistent embodied robotic arm. The arm maintains high stability with no deformation and enters the frame to Pick up the yellow and white payment display and adjust its position to face the qrcode towards you."
episode479,put_bottles_dustbin,"In a fixed robotic workspace, generate a rigid, physically consistent embodied robotic arm. The arm maintains high stability with no deformation and enters the frame to Place the medium yellow cylindrical bottle, the transparent bottle, and the smooth plastic bottle into the plastic dustbin after taking them individually."
episode480,press_stapler,"In a fixed robotic workspace, generate a rigid, physically consistent embodied robotic arm. The arm maintains high stability with no deformation and enters the frame to Push down on the blue stapler with shiny silver parts to staple papers."
episode481,move_playingcard_away,"In a fixed robotic workspace, generate a rigid, physically consistent embodied robotic arm. The arm maintains high stability with no deformation and enters the frame to Pick up the blue carton for playingcards using the left arm and shift it outward."
episode482,click_alarmclock,"In a fixed robotic workspace, generate a rigid, physically consistent embodied robotic arm. The arm maintains high stability with no deformation and enters the frame to Activate the small alarm-clock by clicking its top button"
episode483,stack_bowls_three,"In a fixed robotic workspace, generate a rigid, physically consistent embodied robotic arm. The arm maintains high stability with no deformation and enters the frame to Use arms to place each the medium-sized bowl for holding food atop the previous one."
episode484,place_bread_basket,"In a fixed robotic workspace, generate a rigid, physically consistent embodied robotic arm. The arm maintains high stability with no deformation and enters the frame to Grab both the brown bread loaf and the light golden brown bread with the dual arm and place in the light brown breadbasket."
episode485,place_object_basket,"In a fixed robotic workspace, generate a rigid, physically consistent embodied robotic arm. The arm maintains high stability with no deformation and enters the frame to Pick the small car toy and position it in the bright yellow basket, move the bright yellow basket slightly."
episode486,adjust_bottle,"In a fixed robotic workspace, generate a rigid, physically consistent embodied robotic arm. The arm maintains high stability with no deformation and enters the frame to Position the bottle with narrow top head-up and lift it"
episode487,place_burger_fries,"In a fixed robotic workspace, generate a rigid, physically consistent embodied robotic arm. The arm maintains high stability with no deformation and enters the frame to Lift the yellow hamburg box with white accents, lift the McDonald's fries bag, then set both on the dark green rectangular plastic tray."
episode488,turn_switch,"In a fixed robotic workspace, generate a rigid, physically consistent embodied robotic arm. The arm maintains high stability with no deformation and enters the frame to Push the square switch with red bar via the left arm."
episode489,shake_bottle_horizontally,"In a fixed robotic workspace, generate a rigid, physically consistent embodied robotic arm. The arm maintains high stability with no deformation and enters the frame to Shake the bottle shaped like small cylinder horizontally after lifting with the right arm."
episode490,place_a2b_right,"In a fixed robotic workspace, generate a rigid, physically consistent embodied robotic arm. The arm maintains high stability with no deformation and enters the frame to Move the black tea-box with gold logo right of the plastic stapler with metallic interior with the right arm"
episode491,place_object_stand,"In a fixed robotic workspace, generate a rigid, physically consistent embodied robotic arm. The arm maintains high stability with no deformation and enters the frame to Grab the compact glossy blue toycar with the left arm and place on the black smooth stand."
episode492,place_can_basket,"In a fixed robotic workspace, generate a rigid, physically consistent embodied robotic arm. The arm maintains high stability with no deformation and enters the frame to Lift the red and white beverage can, place it in the basket with perforated sides, pick up the basket with perforated sides afterward."
episode493,move_pillbottle_pad,"In a fixed robotic workspace, generate a rigid, physically consistent embodied robotic arm. The arm maintains high stability with no deformation and enters the frame to Grab the rounded bottle with small white cap with the left arm and move it to the pad."
episode494,open_laptop,"In a fixed robotic workspace, generate a rigid, physically consistent embodied robotic arm. The arm maintains high stability with no deformation and enters the frame to Lift the laptop with glass screen's lid upwards."
episode495,handover_block,"In a fixed robotic workspace, generate a rigid, physically consistent embodied robotic arm. The arm maintains high stability with no deformation and enters the frame to Place the red block onto the blue pad using the right arm."
episode496,place_dual_shoes,"In a fixed robotic workspace, generate a rigid, physically consistent embodied robotic arm. The arm maintains high stability with no deformation and enters the frame to Pick up two the shoe with black accents together and place in the smooth orange box for shoes, tips left."
episode497,pick_diverse_bottles,"In a fixed robotic workspace, generate a rigid, physically consistent embodied robotic arm. The arm maintains high stability with no deformation and enters the frame to Pick up the red-capped bottle and the bottle with ridges near base together."
episode498,place_burger_fries,"In a fixed robotic workspace, generate a rigid, physically consistent embodied robotic arm. The arm maintains high stability with no deformation and enters the frame to Grab the brownish round hamburg, pick the Potato fries packaged in red carton, then set them on the tray with rounded rectangular shape"
episode499,beat_block_hammer,"In a fixed robotic workspace, generate a rigid, physically consistent embodied robotic arm. The arm maintains high stability with no deformation and enters the frame to Make the right arm grab the handheld medium claw hammer and strike the block."
episode500,place_bread_basket,"In a fixed robotic workspace, generate a rigid, physically consistent embodied robotic arm. The arm maintains high stability with no deformation and enters the frame to Lift the round bread with braided top and the bread loaf with uneven edges with two arms, put in the medium-sized rectangular breadbasket."
episode501,stack_bowls_three,"In a fixed robotic workspace, generate a rigid, physically consistent embodied robotic arm. The arm maintains high stability with no deformation and enters the frame to Place the first the blue bowl down, then stack the next two above it."
episode502,place_object_basket,"In a fixed robotic workspace, generate a rigid, physically consistent embodied robotic arm. The arm maintains high stability with no deformation and enters the frame to Grab the palm-sized playingcards carton, drop it in the basket with handle, then move the basket with handle."
episode503,place_mouse_pad,"In a fixed robotic workspace, generate a rigid, physically consistent embodied robotic arm. The arm maintains high stability with no deformation and enters the frame to Position the the computer mouse on the Gray mat by picking it up."
episode504,click_alarmclock,"In a fixed robotic workspace, generate a rigid, physically consistent embodied robotic arm. The arm maintains high stability with no deformation and enters the frame to Locate and press the square plastic alarm clock's top center button"
episode505,open_laptop,"In a fixed robotic workspace, generate a rigid, physically consistent embodied robotic arm. The arm maintains high stability with no deformation and enters the frame to Raise the rectangular laptop with hinge using the left arm firmly."
episode506,adjust_bottle,"In a fixed robotic workspace, generate a rigid, physically consistent embodied robotic arm. The arm maintains high stability with no deformation and enters the frame to Use the right arm to pick up the smooth green plastic bottle from the table."
episode507,place_object_stand,"In a fixed robotic workspace, generate a rigid, physically consistent embodied robotic arm. The arm maintains high stability with no deformation and enters the frame to Use the right arm to grab the mouse with scroll wheel and place on the angled black smooth displaystand."
episode508,click_bell,"In a fixed robotic workspace, generate a rigid, physically consistent embodied robotic arm. The arm maintains high stability with no deformation and enters the frame to Direct the left arm to click the top of the bell with metallic top and plastic base."
episode509,place_bread_basket,"In a fixed robotic workspace, generate a rigid, physically consistent embodied robotic arm. The arm maintains high stability with no deformation and enters the frame to Take the square-shaped bread piece and the medium bread with rounded sides together and place them into the oval perforated breadbasket white edges."
episode510,place_a2b_left,"In a fixed robotic workspace, generate a rigid, physically consistent embodied robotic arm. The arm maintains high stability with no deformation and enters the frame to Use the right arm, move the decorative tea-box left of the plastic stapler with silver mechanism"
episode511,rotate_qrcode,"In a fixed robotic workspace, generate a rigid, physically consistent embodied robotic arm. The arm maintains high stability with no deformation and enters the frame to Use the left arm to grab the beige paymentsign with printed details and rotate QR code towards you."
episode512,move_stapler_pad,"In a fixed robotic workspace, generate a rigid, physically consistent embodied robotic arm. The arm maintains high stability with no deformation and enters the frame to the left arm moves the blue stapler for paper fastening to the Magenta mat."
episode513,open_microwave,"In a fixed robotic workspace, generate a rigid, physically consistent embodied robotic arm. The arm maintains high stability with no deformation and enters the frame to Open the dark gray slanted microwave box using the left arm."
episode514,place_bread_skillet,"In a fixed robotic workspace, generate a rigid, physically consistent embodied robotic arm. The arm maintains high stability with no deformation and enters the frame to Use the right arm to grab the square loaf of bread for the black-surfaced skillet with gray sides"
episode515,hanging_mug,"In a fixed robotic workspace, generate a rigid, physically consistent embodied robotic arm. The arm maintains high stability with no deformation and enters the frame to Lift the medium black mug with handle, turn it, place it back, and move it onto the rack with two rods sticking out with the right arm."
episode516,lift_pot,"In a fixed robotic workspace, generate a rigid, physically consistent embodied robotic arm. The arm maintains high stability with no deformation and enters the frame to Raise the gray kitchenpot using both arms"
episode517,place_burger_fries,"In a fixed robotic workspace, generate a rigid, physically consistent embodied robotic arm. The arm maintains high stability with no deformation and enters the frame to Place the irregular shaped hamburg and the golden fries in smooth red pouch onto the tray for holding things after picking them up."
episode518,beat_block_hammer,"In a fixed robotic workspace, generate a rigid, physically consistent embodied robotic arm. The arm maintains high stability with no deformation and enters the frame to Use the right arm to take the hammer with two-tone handle and strike"
episode519,pick_dual_bottles,"In a fixed robotic workspace, generate a rigid, physically consistent embodied robotic arm. The arm maintains high stability with no deformation and enters the frame to Secure the plastic drink bottle and the medium green bottle using separate hands."
episode520,click_bell,"In a fixed robotic workspace, generate a rigid, physically consistent embodied robotic arm. The arm maintains high stability with no deformation and enters the frame to Press the top center of the flat-topped bell on table."
episode521,scan_object,"In a fixed robotic workspace, generate a rigid, physically consistent embodied robotic arm. The arm maintains high stability with no deformation and enters the frame to First grab the L-shaped scanner for barcode reading, then the rectangle tea-box, and use the L-shaped scanner for barcode reading to scan the rectangle tea-box."
episode522,rotate_qrcode,"In a fixed robotic workspace, generate a rigid, physically consistent embodied robotic arm. The arm maintains high stability with no deformation and enters the frame to Lift the white rectangular paymentsign with yellow details from the table and rotate it so the code faces you."
episode523,stamp_seal,"In a fixed robotic workspace, generate a rigid, physically consistent embodied robotic arm. The arm maintains high stability with no deformation and enters the frame to Use the left arm to pick the engraved top seal for Red"
episode524,place_a2b_right,"In a fixed robotic workspace, generate a rigid, physically consistent embodied robotic arm. The arm maintains high stability with no deformation and enters the frame to Place the compact phone with flat design precisely to the right of the toycar featuring black and white wheels."
episode525,open_microwave,"In a fixed robotic workspace, generate a rigid, physically consistent embodied robotic arm. The arm maintains high stability with no deformation and enters the frame to Pull the handle of the gray microwave with the left arm."
episode526,handover_mic,"In a fixed robotic workspace, generate a rigid, physically consistent embodied robotic arm. The arm maintains high stability with no deformation and enters the frame to Grab the handheld teal microphone and give it to the opposite arm."
episode527,turn_switch,"In a fixed robotic workspace, generate a rigid, physically consistent embodied robotic arm. The arm maintains high stability with no deformation and enters the frame to Command the left arm to engage the switch with trapezoidal base"
episode528,place_a2b_right,"In a fixed robotic workspace, generate a rigid, physically consistent embodied robotic arm. The arm maintains high stability with no deformation and enters the frame to Bring the phone with smooth glass front to the right position of the white bell."
episode529,handover_mic,"In a fixed robotic workspace, generate a rigid, physically consistent embodied robotic arm. The arm maintains high stability with no deformation and enters the frame to Secure the microphone with cylindrical handle using one arm and transfer it."
episode530,stack_blocks_two,"In a fixed robotic workspace, generate a rigid, physically consistent embodied robotic arm. The arm maintains high stability with no deformation and enters the frame to Use the right arm to move red block and the left arm to stack green block."
episode531,shake_bottle_horizontally,"In a fixed robotic workspace, generate a rigid, physically consistent embodied robotic arm. The arm maintains high stability with no deformation and enters the frame to Shake the bottle for liquids horizontally after lifting with the left arm."
episode532,place_object_basket,"In a fixed robotic workspace, generate a rigid, physically consistent embodied robotic arm. The arm maintains high stability with no deformation and enters the frame to Lift the box for playingcards, place it into the wooden basket with curved handle, move the wooden basket with curved handle."
episode533,press_stapler,"In a fixed robotic workspace, generate a rigid, physically consistent embodied robotic arm. The arm maintains high stability with no deformation and enters the frame to Push the stapler the stapler with silver staple tray to activate it."
episode534,place_phone_stand,"In a fixed robotic workspace, generate a rigid, physically consistent embodied robotic arm. The arm maintains high stability with no deformation and enters the frame to Lift the compact phone with shiny texture onto the phonestand for holding phones."
episode535,click_bell,"In a fixed robotic workspace, generate a rigid, physically consistent embodied robotic arm. The arm maintains high stability with no deformation and enters the frame to Activate the bell shaped like half-circle dome by pressing its top center."
episode536,stack_blocks_two,"In a fixed robotic workspace, generate a rigid, physically consistent embodied robotic arm. The arm maintains high stability with no deformation and enters the frame to Use the right arm to move red block, then the left arm to stack green block on red block at the center."
episode537,place_object_basket,"In a fixed robotic workspace, generate a rigid, physically consistent embodied robotic arm. The arm maintains high stability with no deformation and enters the frame to Grab the blue top toycar, drop it in the light brown oval basket, shift the light brown oval basket."
episode538,pick_dual_bottles,"In a fixed robotic workspace, generate a rigid, physically consistent embodied robotic arm. The arm maintains high stability with no deformation and enters the frame to Catch both the bottle with white screw cap and the bottle with yellow cap quickly."
episode539,place_fan,"In a fixed robotic workspace, generate a rigid, physically consistent embodied robotic arm. The arm maintains high stability with no deformation and enters the frame to Take the curved plastic body small fan with the left arm, put it on the Gray mat, and make it face the robot"
episode540,stack_blocks_two,"In a fixed robotic workspace, generate a rigid, physically consistent embodied robotic arm. The arm maintains high stability with no deformation and enters the frame to Move red block to the center using the right arm, then stack green block on red block using the right arm."
episode541,move_stapler_pad,"In a fixed robotic workspace, generate a rigid, physically consistent embodied robotic arm. The arm maintains high stability with no deformation and enters the frame to Move the stapler with metallic staple slot to the Blue mat with the left arm"
episode542,blocks_ranking_rgb,"In a fixed robotic workspace, generate a rigid, physically consistent embodied robotic arm. The arm maintains high stability with no deformation and enters the frame to Using the left arm, the right arm, and the right arm, arrange red block, green block, and blue block from left to right in the given order."
episode543,dump_bin_bigbin,"In a fixed robotic workspace, generate a rigid, physically consistent embodied robotic arm. The arm maintains high stability with no deformation and enters the frame to Grab the cylindrical small white trashbin and transfer balls to the bin."
episode544,place_bread_basket,"In a fixed robotic workspace, generate a rigid, physically consistent embodied robotic arm. The arm maintains high stability with no deformation and enters the frame to Grab the golden baked bread and the golden bread loaf with soft inside quickly and drop them into the oval breadbasket."
episode545,grab_roller,"In a fixed robotic workspace, generate a rigid, physically consistent embodied robotic arm. The arm maintains high stability with no deformation and enters the frame to Reach out to grab the roller for smoothing materials from the table"
episode546,place_empty_cup,"In a fixed robotic workspace, generate a rigid, physically consistent embodied robotic arm. The arm maintains high stability with no deformation and enters the frame to Use an arm to drop the rounded base blue cup on the small coaster with grain texture"
episode547,beat_block_hammer,"In a fixed robotic workspace, generate a rigid, physically consistent embodied robotic arm. The arm maintains high stability with no deformation and enters the frame to Employ the right arm to grab the plastic handle metal hammer and hit."
episode548,grab_roller,"In a fixed robotic workspace, generate a rigid, physically consistent embodied robotic arm. The arm maintains high stability with no deformation and enters the frame to Both arms should grab the smooth light brown roller now."
episode549,place_object_scale,"In a fixed robotic workspace, generate a rigid, physically consistent embodied robotic arm. The arm maintains high stability with no deformation and enters the frame to Lift the blue stapler with black handle area and position it on the electronicscale with black display screen"
episode550,stamp_seal,"In a fixed robotic workspace, generate a rigid, physically consistent embodied robotic arm. The arm maintains high stability with no deformation and enters the frame to Use the left arm to lift the round yellow seal base, then stamp Orange."
episode551,place_fan,"In a fixed robotic workspace, generate a rigid, physically consistent embodied robotic arm. The arm maintains high stability with no deformation and enters the frame to Using the left arm, grab the smooth off-white plastic fan and set it on the Orange mat facing the robot."
episode552,place_a2b_right,"In a fixed robotic workspace, generate a rigid, physically consistent embodied robotic arm. The arm maintains high stability with no deformation and enters the frame to Grab the blue plastic stapler with silver metal with the left arm and place it right of the sleek rectangular phone."
episode553,place_bread_basket,"In a fixed robotic workspace, generate a rigid, physically consistent embodied robotic arm. The arm maintains high stability with no deformation and enters the frame to Use both arms to move the bread loaf with uneven edges, the bread with rounded corners to the two-hand-sized breadbasket."
episode554,put_object_cabinet,"In a fixed robotic workspace, generate a rigid, physically consistent embodied robotic arm. The arm maintains high stability with no deformation and enters the frame to Pull open the rectangular cabinet's drawer and place the bread loaf with bumpy surface inside."
episode555,move_pillbottle_pad,"In a fixed robotic workspace, generate a rigid, physically consistent embodied robotic arm. The arm maintains high stability with no deformation and enters the frame to Grab the small brown bottle with the right arm and move it to the pad."
episode556,dump_bin_bigbin,"In a fixed robotic workspace, generate a rigid, physically consistent embodied robotic arm. The arm maintains high stability with no deformation and enters the frame to Pick up the small white trashbin using the arm, pour balls."
episode557,open_microwave,"In a fixed robotic workspace, generate a rigid, physically consistent embodied robotic arm. The arm maintains high stability with no deformation and enters the frame to Use the left arm to grab and open the rectangular microwave with clear glass panel."
episode558,rotate_qrcode,"In a fixed robotic workspace, generate a rigid, physically consistent embodied robotic arm. The arm maintains high stability with no deformation and enters the frame to Catch the black base with tilted gray panel, pick it up, and rotate to view the qrcode."
episode559,blocks_ranking_rgb,"In a fixed robotic workspace, generate a rigid, physically consistent embodied robotic arm. The arm maintains high stability with no deformation and enters the frame to Position red block first, green block second, and blue block third in a row from left to right."
episode560,move_playingcard_away,"In a fixed robotic workspace, generate a rigid, physically consistent embodied robotic arm. The arm maintains high stability with no deformation and enters the frame to Pick the box holding playing cards and slide it further outward."
episode561,place_object_basket,"In a fixed robotic workspace, generate a rigid, physically consistent embodied robotic arm. The arm maintains high stability with no deformation and enters the frame to Use one arm to grab the miniature teal vehicle toy, place it in the rectangular yellow basket, then move the rectangular yellow basket."
episode562,stack_bowls_two,"In a fixed robotic workspace, generate a rigid, physically consistent embodied robotic arm. The arm maintains high stability with no deformation and enters the frame to Pick the rounded bowl with light blue color, then stack the ceramic bowl on it."
episode563,blocks_ranking_rgb,"In a fixed robotic workspace, generate a rigid, physically consistent embodied robotic arm. The arm maintains high stability with no deformation and enters the frame to Position red block first, followed by green block, and end with blue block in a row from left to right."
episode564,scan_object,"In a fixed robotic workspace, generate a rigid, physically consistent embodied robotic arm. The arm maintains high stability with no deformation and enters the frame to Hold the lightweight handheld barcode scanner in one arm and the tea box with leafy design in the other, then scan the tea box with leafy design with the lightweight handheld barcode scanner."
episode565,put_bottles_dustbin,"In a fixed robotic workspace, generate a rigid, physically consistent embodied robotic arm. The arm maintains high stability with no deformation and enters the frame to Use arms to pick the bottle with small ridged green cap, the bottle with narrow neck, the drink bottle with slim neck, and place them one by one in the smooth black dustbin."
episode566,stamp_seal,"In a fixed robotic workspace, generate a rigid, physically consistent embodied robotic arm. The arm maintains high stability with no deformation and enters the frame to Grab the brown rectangular seal with slanted edges and press on Beige."
episode567,place_empty_cup,"In a fixed robotic workspace, generate a rigid, physically consistent embodied robotic arm. The arm maintains high stability with no deformation and enters the frame to Use an arm to drop the cylindrical light blue cup on the coaster with circular shape"
episode568,hanging_mug,"In a fixed robotic workspace, generate a rigid, physically consistent embodied robotic arm. The arm maintains high stability with no deformation and enters the frame to Grab the light brown mug with handle from the table, rotate it, place it, and hang it onto the angled rack with long and short rods."
episode569,open_microwave,"In a fixed robotic workspace, generate a rigid, physically consistent embodied robotic arm. The arm maintains high stability with no deformation and enters the frame to Pull open the door of the medium microwave using the left arm."
episode570,hanging_mug,"In a fixed robotic workspace, generate a rigid, physically consistent embodied robotic arm. The arm maintains high stability with no deformation and enters the frame to Use your left arm to pick the mug for hot drinks, rotate it, set it down, and hang it onto the rack with angular body."
episode571,move_playingcard_away,"In a fixed robotic workspace, generate a rigid, physically consistent embodied robotic arm. The arm maintains high stability with no deformation and enters the frame to Grab the box for playingcards from the table and shift it outward."
episode572,move_pillbottle_pad,"In a fixed robotic workspace, generate a rigid, physically consistent embodied robotic arm. The arm maintains high stability with no deformation and enters the frame to Move the smooth plastic bottle to the pad and let it rest there"
episode573,stack_bowls_two,"In a fixed robotic workspace, generate a rigid, physically consistent embodied robotic arm. The arm maintains high stability with no deformation and enters the frame to Take the small bowl with brown edge, align the curved bowl light blue shade, and stack them."
episode574,scan_object,"In a fixed robotic workspace, generate a rigid, physically consistent embodied robotic arm. The arm maintains high stability with no deformation and enters the frame to the left arm grabs the L-shaped scanner for barcode reading, the right arm picks the black tea-box, and the L-shaped scanner for barcode reading scans the black tea-box."
episode575,click_bell,"In a fixed robotic workspace, generate a rigid, physically consistent embodied robotic arm. The arm maintains high stability with no deformation and enters the frame to Press the rounded bell with flat black part's top center on the table."
episode576,click_bell,"In a fixed robotic workspace, generate a rigid, physically consistent embodied robotic arm. The arm maintains high stability with no deformation and enters the frame to Make the right arm interact with the white and black colored bell's top center."
episode577,stack_bowls_two,"In a fixed robotic workspace, generate a rigid, physically consistent embodied robotic arm. The arm maintains high stability with no deformation and enters the frame to Grasp the medium-sized bowl for holding food, then use the arm to align and stack the bowl with shiny texture."
episode578,dump_bin_bigbin,"In a fixed robotic workspace, generate a rigid, physically consistent embodied robotic arm. The arm maintains high stability with no deformation and enters the frame to Hold the bucket-shaped gray trashbin, then pour contents."
episode579,click_bell,"In a fixed robotic workspace, generate a rigid, physically consistent embodied robotic arm. The arm maintains high stability with no deformation and enters the frame to Press the top center of the blue dome-shaped bell on table."
episode580,move_stapler_pad,"In a fixed robotic workspace, generate a rigid, physically consistent embodied robotic arm. The arm maintains high stability with no deformation and enters the frame to Carry the compact office stapler to the Gray colored mat"
episode581,stamp_seal,"In a fixed robotic workspace, generate a rigid, physically consistent embodied robotic arm. The arm maintains high stability with no deformation and enters the frame to Stamp the compact seal with matte base on Coral"
episode582,adjust_bottle,"In a fixed robotic workspace, generate a rigid, physically consistent embodied robotic arm. The arm maintains high stability with no deformation and enters the frame to Lift the bottle the dark drink bottle with logo up from the table"
episode583,scan_object,"In a fixed robotic workspace, generate a rigid, physically consistent embodied robotic arm. The arm maintains high stability with no deformation and enters the frame to Pick up the scanner with curved top and flat bottom in one arm and the rectangular box for tea in the other, then scan the rectangular box for tea."
episode584,move_stapler_pad,"In a fixed robotic workspace, generate a rigid, physically consistent embodied robotic arm. The arm maintains high stability with no deformation and enters the frame to Relocate the handheld stapler to the Black mat."
episode585,place_container_plate,"In a fixed robotic workspace, generate a rigid, physically consistent embodied robotic arm. The arm maintains high stability with no deformation and enters the frame to Stick the container onto the flat ceramic plate with smooth texture using the smooth light gray bowl."
episode586,press_stapler,"In a fixed robotic workspace, generate a rigid, physically consistent embodied robotic arm. The arm maintains high stability with no deformation and enters the frame to Apply force to the blue stapler for paper fastening with the right arm"
episode587,place_mouse_pad,"In a fixed robotic workspace, generate a rigid, physically consistent embodied robotic arm. The arm maintains high stability with no deformation and enters the frame to Lift the the dark gray mouse with smooth texture and position it on the Blue mat."
episode588,move_playingcard_away,"In a fixed robotic workspace, generate a rigid, physically consistent embodied robotic arm. The arm maintains high stability with no deformation and enters the frame to Use the right arm to grab the playingcards box with white symbols and move it away."
episode589,pick_dual_bottles,"In a fixed robotic workspace, generate a rigid, physically consistent embodied robotic arm. The arm maintains high stability with no deformation and enters the frame to One arm grabs the ridged orange bottle with grooves; the other arm grabs the red bottle with white bottom text."
episode590,stack_blocks_three,"In a fixed robotic workspace, generate a rigid, physically consistent embodied robotic arm. The arm maintains high stability with no deformation and enters the frame to Relocate red block, green block, and blue block to the center and stack blue block on green block and green block on red block."
episode591,place_mouse_pad,"In a fixed robotic workspace, generate a rigid, physically consistent embodied robotic arm. The arm maintains high stability with no deformation and enters the frame to With the right arm, pick up the mouse with curved ergonomic shape and lay it on Black mat."
episode592,open_microwave,"In a fixed robotic workspace, generate a rigid, physically consistent embodied robotic arm. The arm maintains high stability with no deformation and enters the frame to Pull the door of the countertop microwave to open it."
episode593,place_phone_stand,"In a fixed robotic workspace, generate a rigid, physically consistent embodied robotic arm. The arm maintains high stability with no deformation and enters the frame to Lift the phone with screen and side buttons onto the dark green holder with clamp."
episode594,place_mouse_pad,"In a fixed robotic workspace, generate a rigid, physically consistent embodied robotic arm. The arm maintains high stability with no deformation and enters the frame to Take the mouse with curved ergonomic shape and put it onto Black mat."
episode595,place_can_basket,"In a fixed robotic workspace, generate a rigid, physically consistent embodied robotic arm. The arm maintains high stability with no deformation and enters the frame to Pick up the gold-decorated aluminum can, put it in the smooth ribbed light brown basket, and lift the smooth ribbed light brown basket."
episode596,place_object_scale,"In a fixed robotic workspace, generate a rigid, physically consistent embodied robotic arm. The arm maintains high stability with no deformation and enters the frame to Move the oval-shaped mouse for computer use to the position on the electronicscale with black weighing pad"
episode597,place_container_plate,"In a fixed robotic workspace, generate a rigid, physically consistent embodied robotic arm. The arm maintains high stability with no deformation and enters the frame to Place the container onto the smooth ceramic plate with the bowl with brown outer rim."
episode598,blocks_ranking_size,"In a fixed robotic workspace, generate a rigid, physically consistent embodied robotic arm. The arm maintains high stability with no deformation and enters the frame to Position large block, medium block, and small block centrally, ordered from largest to smallest."
episode599,click_bell,"In a fixed robotic workspace, generate a rigid, physically consistent embodied robotic arm. The arm maintains high stability with no deformation and enters the frame to Direct the left arm to touch the white and black colored bell's top."
episode600,place_dual_shoes,"In a fixed robotic workspace, generate a rigid, physically consistent embodied robotic arm. The arm maintains high stability with no deformation and enters the frame to Put two the rubber sole shoe into the bright orange shoe-box, shoe tips left."
episode601,shake_bottle,"In a fixed robotic workspace, generate a rigid, physically consistent embodied robotic arm. The arm maintains high stability with no deformation and enters the frame to Grasp the medium-sized orange bottle with the left arm and shake it."
episode602,adjust_bottle,"In a fixed robotic workspace, generate a rigid, physically consistent embodied robotic arm. The arm maintains high stability with no deformation and enters the frame to Utilize the right arm to lift the medium-sized green bottle while keeping it head-up."
episode603,blocks_ranking_size,"In a fixed robotic workspace, generate a rigid, physically consistent embodied robotic arm. The arm maintains high stability with no deformation and enters the frame to Position large block, medium block, then small block at the center in size order."
episode604,stack_bowls_two,"In a fixed robotic workspace, generate a rigid, physically consistent embodied robotic arm. The arm maintains high stability with no deformation and enters the frame to Stack the blue bowl with slightly rounded base carefully over the glazed bowl with curved sides."
episode605,place_bread_skillet,"In a fixed robotic workspace, generate a rigid, physically consistent embodied robotic arm. The arm maintains high stability with no deformation and enters the frame to Transfer the bread with rounded corners into the skillet with extended grip handle from the table"
episode606,move_stapler_pad,"In a fixed robotic workspace, generate a rigid, physically consistent embodied robotic arm. The arm maintains high stability with no deformation and enters the frame to Pick the red stapler up and position it on Black mat"
episode607,dump_bin_bigbin,"In a fixed robotic workspace, generate a rigid, physically consistent embodied robotic arm. The arm maintains high stability with no deformation and enters the frame to Take the small tabletop trashbin and empty its contents."
episode608,shake_bottle,"In a fixed robotic workspace, generate a rigid, physically consistent embodied robotic arm. The arm maintains high stability with no deformation and enters the frame to Shake the green bottle with indented base after grabbing it."
episode609,stack_blocks_three,"In a fixed robotic workspace, generate a rigid, physically consistent embodied robotic arm. The arm maintains high stability with no deformation and enters the frame to Bring red block, green block, and blue block to the center and stack green block over red block, blue block over green block."
episode610,move_can_pot,"In a fixed robotic workspace, generate a rigid, physically consistent embodied robotic arm. The arm maintains high stability with no deformation and enters the frame to Take the yellow brown sauce can with the right arm, place it near the medium kitchenpot with smooth surface"
episode611,place_object_basket,"In a fixed robotic workspace, generate a rigid, physically consistent embodied robotic arm. The arm maintains high stability with no deformation and enters the frame to Lift the blue playingcards box, place it into the basket for carrying things, move the basket for carrying things."
episode612,hanging_mug,"In a fixed robotic workspace, generate a rigid, physically consistent embodied robotic arm. The arm maintains high stability with no deformation and enters the frame to Take the medium beige mug from the table, rotate it, place it in the center, then hang it onto the metal rack."
episode613,move_pillbottle_pad,"In a fixed robotic workspace, generate a rigid, physically consistent embodied robotic arm. The arm maintains high stability with no deformation and enters the frame to Pick the bottle with teal top and bottom up and drop it onto the pad"
episode614,shake_bottle_horizontally,"In a fixed robotic workspace, generate a rigid, physically consistent embodied robotic arm. The arm maintains high stability with no deformation and enters the frame to Shake the round-bottom bottle with white cap horizontally without mentioning the left arm."
episode615,place_cans_plasticbox,"In a fixed robotic workspace, generate a rigid, physically consistent embodied robotic arm. The arm maintains high stability with no deformation and enters the frame to Pick the red-orange text on white can, place it in the boxy light blue plasticbox, then pick the red soda can with green accents and place it in the boxy light blue plasticbox."
episode616,place_dual_shoes,"In a fixed robotic workspace, generate a rigid, physically consistent embodied robotic arm. The arm maintains high stability with no deformation and enters the frame to Grab and place two the green lace-up sneaker in the orange shoe-box, tips left."
episode617,shake_bottle,"In a fixed robotic workspace, generate a rigid, physically consistent embodied robotic arm. The arm maintains high stability with no deformation and enters the frame to Pick the smooth surface bottle with gray shade up with the left arm and shake."
episode618,stamp_seal,"In a fixed robotic workspace, generate a rigid, physically consistent embodied robotic arm. The arm maintains high stability with no deformation and enters the frame to With the left arm, take the rectangular seal with decorative carvings and mark Cyan."
episode619,click_alarmclock,"In a fixed robotic workspace, generate a rigid, physically consistent embodied robotic arm. The arm maintains high stability with no deformation and enters the frame to Use the right arm to tap the palm-sized alarm-clock's central button."
episode620,blocks_ranking_rgb,"In a fixed robotic workspace, generate a rigid, physically consistent embodied robotic arm. The arm maintains high stability with no deformation and enters the frame to First, grab red block, then green block, then blue block with the left arm, the right arm, and the right arm, and place them in order left to right."
episode621,place_fan,"In a fixed robotic workspace, generate a rigid, physically consistent embodied robotic arm. The arm maintains high stability with no deformation and enters the frame to Lift the smooth compact fan and put it on the Brown mat so it faces the robot"
episode622,place_empty_cup,"In a fixed robotic workspace, generate a rigid, physically consistent embodied robotic arm. The arm maintains high stability with no deformation and enters the frame to Move the smooth blue cup for liquids using the arm onto the light gray round grainy coaster."
episode623,shake_bottle,"In a fixed robotic workspace, generate a rigid, physically consistent embodied robotic arm. The arm maintains high stability with no deformation and enters the frame to Use the left arm to hold the drinking bottle with yellow label and shake it."
episode624,place_empty_cup,"In a fixed robotic workspace, generate a rigid, physically consistent embodied robotic arm. The arm maintains high stability with no deformation and enters the frame to Move the smooth blue cup for liquids onto the flat surface gray wooden coaster with the arm"
episode625,dump_bin_bigbin,"In a fixed robotic workspace, generate a rigid, physically consistent embodied robotic arm. The arm maintains high stability with no deformation and enters the frame to Pick up the white bin with flared top edge and pour into bin."
episode626,place_a2b_left,"In a fixed robotic workspace, generate a rigid, physically consistent embodied robotic arm. The arm maintains high stability with no deformation and enters the frame to With the left arm, position the tea-box with white TEA text left of the blue toycar with yellow roof accents"
episode627,move_can_pot,"In a fixed robotic workspace, generate a rigid, physically consistent embodied robotic arm. The arm maintains high stability with no deformation and enters the frame to Move the red can with gold patterns from its spot to near the round kitchenpot with two side grips"
episode628,place_shoe,"In a fixed robotic workspace, generate a rigid, physically consistent embodied robotic arm. The arm maintains high stability with no deformation and enters the frame to Lift the rubber-soled black-striped shoe from the table and place it carefully on the mat"
episode629,place_fan,"In a fixed robotic workspace, generate a rigid, physically consistent embodied robotic arm. The arm maintains high stability with no deformation and enters the frame to Lift the smooth compact fan using the right arm and put it on the Coral mat facing the robot."
episode630,put_bottles_dustbin,"In a fixed robotic workspace, generate a rigid, physically consistent embodied robotic arm. The arm maintains high stability with no deformation and enters the frame to Start with the smooth yellow bottle with ridged cap, grab it and drop it into the dustbin with white inner bag, repeat for the smooth transparent plastic bottle and the rounded bottle with a white neck."
episode631,handover_mic,"In a fixed robotic workspace, generate a rigid, physically consistent embodied robotic arm. The arm maintains high stability with no deformation and enters the frame to Seize the rounded white tip microphone and offer it to the other arm"
episode632,click_alarmclock,"In a fixed robotic workspace, generate a rigid, physically consistent embodied robotic arm. The arm maintains high stability with no deformation and enters the frame to Click the button centered on the black matte alarm-clock."
episode633,place_cans_plasticbox,"In a fixed robotic workspace, generate a rigid, physically consistent embodied robotic arm. The arm maintains high stability with no deformation and enters the frame to Use both arms to place the small cylindrical drink container and the white can inside the plasticbox with hinged lid."
episode634,shake_bottle_horizontally,"In a fixed robotic workspace, generate a rigid, physically consistent embodied robotic arm. The arm maintains high stability with no deformation and enters the frame to Pick up the gray bottle with slight shine with the left arm, shake it sideways."
episode635,rotate_qrcode,"In a fixed robotic workspace, generate a rigid, physically consistent embodied robotic arm. The arm maintains high stability with no deformation and enters the frame to Use the left arm to grab the paymentsign and point its QR code toward you."
episode636,put_object_cabinet,"In a fixed robotic workspace, generate a rigid, physically consistent embodied robotic arm. The arm maintains high stability with no deformation and enters the frame to Pull open the cabinet with angled sides's drawer and place the mouse with two buttons and wheel into it."
episode637,place_can_basket,"In a fixed robotic workspace, generate a rigid, physically consistent embodied robotic arm. The arm maintains high stability with no deformation and enters the frame to Use the left arm to hold the small aluminum red drink can, drop the small aluminum red drink can into the carrying basket with black plastic handle, and lift the carrying basket with black plastic handle."
episode638,place_burger_fries,"In a fixed robotic workspace, generate a rigid, physically consistent embodied robotic arm. The arm maintains high stability with no deformation and enters the frame to Using both arms, grab the medium, squishy hamburg and the red container with yellow fries for the solid green palm-sized tray."
episode639,shake_bottle,"In a fixed robotic workspace, generate a rigid, physically consistent embodied robotic arm. The arm maintains high stability with no deformation and enters the frame to Use the left arm to grab the blue bottle and shake properly."
episode640,place_object_scale,"In a fixed robotic workspace, generate a rigid, physically consistent embodied robotic arm. The arm maintains high stability with no deformation and enters the frame to Move the plastic mouse to the position on the compact electronicscale"
episode641,blocks_ranking_rgb,"In a fixed robotic workspace, generate a rigid, physically consistent embodied robotic arm. The arm maintains high stability with no deformation and enters the frame to Position red block, green block, and blue block on a surface from left to right in the order red, green, blue."
episode642,open_laptop,"In a fixed robotic workspace, generate a rigid, physically consistent embodied robotic arm. The arm maintains high stability with no deformation and enters the frame to Lift the portable folding laptop to open it up"
episode643,place_object_stand,"In a fixed robotic workspace, generate a rigid, physically consistent embodied robotic arm. The arm maintains high stability with no deformation and enters the frame to Pick the mouse with scroll wheel with the right arm and place on the brown displaystand with rectangular opening."
episode644,place_container_plate,"In a fixed robotic workspace, generate a rigid, physically consistent embodied robotic arm. The arm maintains high stability with no deformation and enters the frame to Position the container onto the food plate using the medium-sized bowl."
episode645,place_empty_cup,"In a fixed robotic workspace, generate a rigid, physically consistent embodied robotic arm. The arm maintains high stability with no deformation and enters the frame to Use an arm to place the smooth blue drinking cup on the light gray streaked wooden coaster"
episode646,scan_object,"In a fixed robotic workspace, generate a rigid, physically consistent embodied robotic arm. The arm maintains high stability with no deformation and enters the frame to Grab the scanner with gray accents in one hand, pick the cuboid tea box in the other hand, then scan the cuboid tea box with the scanner with gray accents"
episode647,lift_pot,"In a fixed robotic workspace, generate a rigid, physically consistent embodied robotic arm. The arm maintains high stability with no deformation and enters the frame to Hold and raise the gray kitchenpot together"
episode648,move_stapler_pad,"In a fixed robotic workspace, generate a rigid, physically consistent embodied robotic arm. The arm maintains high stability with no deformation and enters the frame to Put the bright blue smooth stapler on the Cyan mat"
episode649,place_phone_stand,"In a fixed robotic workspace, generate a rigid, physically consistent embodied robotic arm. The arm maintains high stability with no deformation and enters the frame to Put the phone with metallic body atop the phonestand with smooth texture."
episode650,grab_roller,"In a fixed robotic workspace, generate a rigid, physically consistent embodied robotic arm. The arm maintains high stability with no deformation and enters the frame to Get hold of the medium-sized roller using your arms"
episode651,place_burger_fries,"In a fixed robotic workspace, generate a rigid, physically consistent embodied robotic arm. The arm maintains high stability with no deformation and enters the frame to Pick up the rectangular hamburg with rounded edges and the Rectangular red carton holding fries one by one and place on the plastic tray with curved edges."
episode652,place_dual_shoes,"In a fixed robotic workspace, generate a rigid, physically consistent embodied robotic arm. The arm maintains high stability with no deformation and enters the frame to Grab a pair of the medium-sized walking shoe, tips left, put them into the Nike-branded orange shoe-box."
episode653,stack_blocks_three,"In a fixed robotic workspace, generate a rigid, physically consistent embodied robotic arm. The arm maintains high stability with no deformation and enters the frame to Transfer red block, green block, and blue block to the center, arranging blue block on top of green block and green block on red block with the right arm, the right arm, the left arm."
episode654,move_playingcard_away,"In a fixed robotic workspace, generate a rigid, physically consistent embodied robotic arm. The arm maintains high stability with no deformation and enters the frame to Take the smooth black cards container and place it beyond the table."
episode655,place_bread_skillet,"In a fixed robotic workspace, generate a rigid, physically consistent embodied robotic arm. The arm maintains high stability with no deformation and enters the frame to Take the light brown porous bread with the right arm and drop into the gray pan"
episode656,turn_switch,"In a fixed robotic workspace, generate a rigid, physically consistent embodied robotic arm. The arm maintains high stability with no deformation and enters the frame to Push the trapezoid-shaped switch smooth surface via the right arm."
episode657,pick_diverse_bottles,"In a fixed robotic workspace, generate a rigid, physically consistent embodied robotic arm. The arm maintains high stability with no deformation and enters the frame to Catch the red-capped bottle with one arm, then grab the bottle with white printed label."
episode658,adjust_bottle,"In a fixed robotic workspace, generate a rigid, physically consistent embodied robotic arm. The arm maintains high stability with no deformation and enters the frame to Grab the brown bottle with red label and lift it with the right arm"
episode659,stack_blocks_three,"In a fixed robotic workspace, generate a rigid, physically consistent embodied robotic arm. The arm maintains high stability with no deformation and enters the frame to With the right arm, the left arm, the left arm, move red block, green block, blue block to the center and stack green block on red block, blue block on green block."
episode660,handover_block,"In a fixed robotic workspace, generate a rigid, physically consistent embodied robotic arm. The arm maintains high stability with no deformation and enters the frame to Lift, switch arms, and place the red block."
episode661,place_shoe,"In a fixed robotic workspace, generate a rigid, physically consistent embodied robotic arm. The arm maintains high stability with no deformation and enters the frame to Take the the shoe with open straps off the table and put it on the mat"
episode662,shake_bottle_horizontally,"In a fixed robotic workspace, generate a rigid, physically consistent embodied robotic arm. The arm maintains high stability with no deformation and enters the frame to Lift the bottle for holding drinks using the left arm and shake it sideways."
episode663,hanging_mug,"In a fixed robotic workspace, generate a rigid, physically consistent embodied robotic arm. The arm maintains high stability with no deformation and enters the frame to Take the ceramic mug for hot drinks, rotate it, place it in the center, then hang it on the medium rack with protruding rods."
episode664,place_burger_fries,"In a fixed robotic workspace, generate a rigid, physically consistent embodied robotic arm. The arm maintains high stability with no deformation and enters the frame to Move the orange-white hamburg with yellow highlight and the Rectangular red carton holding fries onto the dark green rectangular plastic tray with both arms."
episode665,place_phone_stand,"In a fixed robotic workspace, generate a rigid, physically consistent embodied robotic arm. The arm maintains high stability with no deformation and enters the frame to Move the phone with screen and side buttons onto the smooth brown phone holder."
episode666,press_stapler,"In a fixed robotic workspace, generate a rigid, physically consistent embodied robotic arm. The arm maintains high stability with no deformation and enters the frame to Firmly press the smooth plastic stapler using an arm."
episode667,handover_block,"In a fixed robotic workspace, generate a rigid, physically consistent embodied robotic arm. The arm maintains high stability with no deformation and enters the frame to Take the red block, pass it to the right arm, then place it."
episode668,move_can_pot,"In a fixed robotic workspace, generate a rigid, physically consistent embodied robotic arm. The arm maintains high stability with no deformation and enters the frame to Pick up the red can with orange label using the right arm, transfer it beside the gray cylindrical metal kitchenpot"
episode669,turn_switch,"In a fixed robotic workspace, generate a rigid, physically consistent embodied robotic arm. The arm maintains high stability with no deformation and enters the frame to Activate the plastic switch with angled edges with the right arm."
episode670,adjust_bottle,"In a fixed robotic workspace, generate a rigid, physically consistent embodied robotic arm. The arm maintains high stability with no deformation and enters the frame to Pick up the red-capped bottle from the table carefully."
episode671,place_container_plate,"In a fixed robotic workspace, generate a rigid, physically consistent embodied robotic arm. The arm maintains high stability with no deformation and enters the frame to Use the white bowl to place the container onto the round plate."
episode672,place_object_scale,"In a fixed robotic workspace, generate a rigid, physically consistent embodied robotic arm. The arm maintains high stability with no deformation and enters the frame to Grab the smooth dark gray computer mouse, then place it smoothly on the compact white electronicscale"
episode673,blocks_ranking_rgb,"In a fixed robotic workspace, generate a rigid, physically consistent embodied robotic arm. The arm maintains high stability with no deformation and enters the frame to Start with red block on the left, followed by green block next to red block, and end with blue block on the far right."
episode674,turn_switch,"In a fixed robotic workspace, generate a rigid, physically consistent embodied robotic arm. The arm maintains high stability with no deformation and enters the frame to Deploy the right arm to press the rectangular switch with smooth surface"
episode675,place_dual_shoes,"In a fixed robotic workspace, generate a rigid, physically consistent embodied robotic arm. The arm maintains high stability with no deformation and enters the frame to Grab both the shoe with patterned bottom, ensure tips left, place in the medium-sized box with Nike swoosh."
episode676,place_bread_basket,"In a fixed robotic workspace, generate a rigid, physically consistent embodied robotic arm. The arm maintains high stability with no deformation and enters the frame to Lift the small loaf with curved top and the light brown bread with ridges with two arms, put in the spiral ridged breadbasket."
episode677,blocks_ranking_size,"In a fixed robotic workspace, generate a rigid, physically consistent embodied robotic arm. The arm maintains high stability with no deformation and enters the frame to Grab large block, medium block, and small block, set them centrally, ordered by size."
episode678,move_can_pot,"In a fixed robotic workspace, generate a rigid, physically consistent embodied robotic arm. The arm maintains high stability with no deformation and enters the frame to Set the cylindrical sauce can right next to the silver pot with black grips"
episode679,stack_blocks_two,"In a fixed robotic workspace, generate a rigid, physically consistent embodied robotic arm. The arm maintains high stability with no deformation and enters the frame to Shift red block and green block to the center and stack green block on red block."
episode680,place_phone_stand,"In a fixed robotic workspace, generate a rigid, physically consistent embodied robotic arm. The arm maintains high stability with no deformation and enters the frame to Move the lightweight phone onto the phonestand with curved edges."
episode681,handover_mic,"In a fixed robotic workspace, generate a rigid, physically consistent embodied robotic arm. The arm maintains high stability with no deformation and enters the frame to Lift the mesh-patterned microphone head, then pass it across without delay."
episode682,scan_object,"In a fixed robotic workspace, generate a rigid, physically consistent embodied robotic arm. The arm maintains high stability with no deformation and enters the frame to Pick the handheld scanner with the left arm, grab the square-shaped tea-box with the right arm, and scan the square-shaped tea-box."
episode683,grab_roller,"In a fixed robotic workspace, generate a rigid, physically consistent embodied robotic arm. The arm maintains high stability with no deformation and enters the frame to Both arms should grab the palm-sized roller now."
episode684,stamp_seal,"In a fixed robotic workspace, generate a rigid, physically consistent embodied robotic arm. The arm maintains high stability with no deformation and enters the frame to Pick the seal for marking and apply it onto Tan."
episode685,rotate_qrcode,"In a fixed robotic workspace, generate a rigid, physically consistent embodied robotic arm. The arm maintains high stability with no deformation and enters the frame to Pick the paymentsign resting on angled base up and turn its QR code toward you using the left arm."
episode686,place_phone_stand,"In a fixed robotic workspace, generate a rigid, physically consistent embodied robotic arm. The arm maintains high stability with no deformation and enters the frame to Carry the silver phone to the green phone rack."
episode687,stack_bowls_three,"In a fixed robotic workspace, generate a rigid, physically consistent embodied robotic arm. The arm maintains high stability with no deformation and enters the frame to Stack the the bowl with shiny texture sequentially using your arms."
episode688,move_can_pot,"In a fixed robotic workspace, generate a rigid, physically consistent embodied robotic arm. The arm maintains high stability with no deformation and enters the frame to Use the right arm to take the cylindrical can brown round top to the round pot with dark gray knob"
episode689,click_bell,"In a fixed robotic workspace, generate a rigid, physically consistent embodied robotic arm. The arm maintains high stability with no deformation and enters the frame to Click the smooth blue bell's <top center> using the left arm"
episode690,open_microwave,"In a fixed robotic workspace, generate a rigid, physically consistent embodied robotic arm. The arm maintains high stability with no deformation and enters the frame to Engage the left arm to open the gray microwave with two control knobs."
episode691,place_a2b_left,"In a fixed robotic workspace, generate a rigid, physically consistent embodied robotic arm. The arm maintains high stability with no deformation and enters the frame to Grab the bell with circular body using the left arm and move left of the rectangular block made of wood"
episode692,blocks_ranking_size,"In a fixed robotic workspace, generate a rigid, physically consistent embodied robotic arm. The arm maintains high stability with no deformation and enters the frame to Move large block with the left arm, medium block with the right arm, and small block with the right arm to arrange them."
episode693,click_bell,"In a fixed robotic workspace, generate a rigid, physically consistent embodied robotic arm. The arm maintains high stability with no deformation and enters the frame to Press the bell with circular body's top center with the left arm firmly."
episode694,place_object_scale,"In a fixed robotic workspace, generate a rigid, physically consistent embodied robotic arm. The arm maintains high stability with no deformation and enters the frame to Set the plastic mouse with smooth finish onto the handheld electronicscale after grabbing"
episode695,place_object_scale,"In a fixed robotic workspace, generate a rigid, physically consistent embodied robotic arm. The arm maintains high stability with no deformation and enters the frame to Pick the bell with black flat base with the right arm and move it to the electronicscale for measuring weights"
episode696,place_object_stand,"In a fixed robotic workspace, generate a rigid, physically consistent embodied robotic arm. The arm maintains high stability with no deformation and enters the frame to Move the plastic stapler with metal top to the rectangular plastic displaystand and set it there."
episode697,blocks_ranking_rgb,"In a fixed robotic workspace, generate a rigid, physically consistent embodied robotic arm. The arm maintains high stability with no deformation and enters the frame to Set red block, green block, and blue block side by side in the order of red block, green block, then blue block."
episode698,place_bread_skillet,"In a fixed robotic workspace, generate a rigid, physically consistent embodied robotic arm. The arm maintains high stability with no deformation and enters the frame to Use the right arm to place the hand-sized oval loaf into the medium-sized frying skillet"
episode699,place_a2b_right,"In a fixed robotic workspace, generate a rigid, physically consistent embodied robotic arm. The arm maintains high stability with no deformation and enters the frame to Using the left arm, position the blue bell to the right of the rectangular phone."
episode700,press_stapler,"In a fixed robotic workspace, generate a rigid, physically consistent embodied robotic arm. The arm maintains high stability with no deformation and enters the frame to Simply press the stapler the stapler for fastening papers downward."
episode701,pick_diverse_bottles,"In a fixed robotic workspace, generate a rigid, physically consistent embodied robotic arm. The arm maintains high stability with no deformation and enters the frame to Lift the red bottle with white bottom text and also take hold of the blue bottle."
episode702,place_bread_basket,"In a fixed robotic workspace, generate a rigid, physically consistent embodied robotic arm. The arm maintains high stability with no deformation and enters the frame to Use the right arm to grab the square loaf of bread for the breadbasket with smooth woven texture"
episode703,place_object_scale,"In a fixed robotic workspace, generate a rigid, physically consistent embodied robotic arm. The arm maintains high stability with no deformation and enters the frame to Pick the bell shaped like half-circle dome with the left arm and move it to the electronicscale with metallic dial"
episode704,stack_bowls_two,"In a fixed robotic workspace, generate a rigid, physically consistent embodied robotic arm. The arm maintains high stability with no deformation and enters the frame to Lift the medium-sized bowl for holding food, grab the bowl with brown outer rim, and set the bowl with brown outer rim on the medium-sized bowl for holding food."
episode705,click_alarmclock,"In a fixed robotic workspace, generate a rigid, physically consistent embodied robotic arm. The arm maintains high stability with no deformation and enters the frame to Press the top button in the alarm-clock with rounded edges's center."
episode706,handover_mic,"In a fixed robotic workspace, generate a rigid, physically consistent embodied robotic arm. The arm maintains high stability with no deformation and enters the frame to Use one arm to pick up the handheld microphone and give it to the other."
episode707,place_a2b_left,"In a fixed robotic workspace, generate a rigid, physically consistent embodied robotic arm. The arm maintains high stability with no deformation and enters the frame to Using the left arm, move the yellow-blue rubikscube left of the rounded bar of dark soap."
episode708,place_phone_stand,"In a fixed robotic workspace, generate a rigid, physically consistent embodied robotic arm. The arm maintains high stability with no deformation and enters the frame to Put the phone with screen and side buttons atop the compact plastic phonestand."
episode709,move_can_pot,"In a fixed robotic workspace, generate a rigid, physically consistent embodied robotic arm. The arm maintains high stability with no deformation and enters the frame to Pick the medium sauce can with the right arm and relocate it near the grey kitchenpot"
episode710,place_burger_fries,"In a fixed robotic workspace, generate a rigid, physically consistent embodied robotic arm. The arm maintains high stability with no deformation and enters the frame to Use dual arms to place the small hamburg box and the Handheld fries pack bright red color onto the dark green serving tray"
episode711,place_empty_cup,"In a fixed robotic workspace, generate a rigid, physically consistent embodied robotic arm. The arm maintains high stability with no deformation and enters the frame to Use the arm to position the plastic cup for drinks onto the wooden coaster."
episode712,place_empty_cup,"In a fixed robotic workspace, generate a rigid, physically consistent embodied robotic arm. The arm maintains high stability with no deformation and enters the frame to Grab the medium blue cylindrical cup and place it on the light gray round grainy coaster."
episode713,dump_bin_bigbin,"In a fixed robotic workspace, generate a rigid, physically consistent embodied robotic arm. The arm maintains high stability with no deformation and enters the frame to Take the white round tabletrashbin and empty its contents."
episode714,press_stapler,"In a fixed robotic workspace, generate a rigid, physically consistent embodied robotic arm. The arm maintains high stability with no deformation and enters the frame to Use one arm to press the manual stapler with black base."
episode715,hanging_mug,"In a fixed robotic workspace, generate a rigid, physically consistent embodied robotic arm. The arm maintains high stability with no deformation and enters the frame to Using your left arm, lift the black mug, rotate it, place it down, then your right arm to hang it onto the angled rack with long and short rods."
episode716,put_bottles_dustbin,"In a fixed robotic workspace, generate a rigid, physically consistent embodied robotic arm. The arm maintains high stability with no deformation and enters the frame to Carry the green-striped cap on yellow bottle first, drop it into the medium-sized black plastic dustbin, repeat with the transparent bottle and the plastic bottle with red cap."
episode717,place_object_stand,"In a fixed robotic workspace, generate a rigid, physically consistent embodied robotic arm. The arm maintains high stability with no deformation and enters the frame to Set the puzzle rubikscube with 3x3 grid per side on the displaystand with smooth finish using the left arm"
episode718,move_playingcard_away,"In a fixed robotic workspace, generate a rigid, physically consistent embodied robotic arm. The arm maintains high stability with no deformation and enters the frame to Pick up the blue and white playingcards packaging and move it away."
episode719,move_can_pot,"In a fixed robotic workspace, generate a rigid, physically consistent embodied robotic arm. The arm maintains high stability with no deformation and enters the frame to Move the round sauce can with yellow pattern from its spot to near the medium teal blue kitchenpot with handles"
episode720,place_cans_plasticbox,"In a fixed robotic workspace, generate a rigid, physically consistent embodied robotic arm. The arm maintains high stability with no deformation and enters the frame to Grip the red and gold cylindrical can and insert it into the blue box with angled edges, then repeat for the small aluminum red drink can."
episode721,place_shoe,"In a fixed robotic workspace, generate a rigid, physically consistent embodied robotic arm. The arm maintains high stability with no deformation and enters the frame to With the left arm, grab the medium-sized adult shoe from the table and place it on the mat"
episode722,open_laptop,"In a fixed robotic workspace, generate a rigid, physically consistent embodied robotic arm. The arm maintains high stability with no deformation and enters the frame to Lift the black laptop with smooth matte surface to open."
episode723,shake_bottle_horizontally,"In a fixed robotic workspace, generate a rigid, physically consistent embodied robotic arm. The arm maintains high stability with no deformation and enters the frame to Move the bottle with ridges on bottom side-to-side after grabbing it."
episode724,blocks_ranking_size,"In a fixed robotic workspace, generate a rigid, physically consistent embodied robotic arm. The arm maintains high stability with no deformation and enters the frame to Arrange blocks large block, medium block, and small block in decreasing size order."
episode725,shake_bottle_horizontally,"In a fixed robotic workspace, generate a rigid, physically consistent embodied robotic arm. The arm maintains high stability with no deformation and enters the frame to Use the left arm to hold the orange drink bottle with label and shake it sideways."
episode726,blocks_ranking_size,"In a fixed robotic workspace, generate a rigid, physically consistent embodied robotic arm. The arm maintains high stability with no deformation and enters the frame to Grab large block, medium block, small block, move them, and arrange by size centrally."
episode727,place_object_basket,"In a fixed robotic workspace, generate a rigid, physically consistent embodied robotic arm. The arm maintains high stability with no deformation and enters the frame to Grab the toycar with shiny wheels, drop it in the basket with loop handle, shift the basket with loop handle."
episode728,place_shoe,"In a fixed robotic workspace, generate a rigid, physically consistent embodied robotic arm. The arm maintains high stability with no deformation and enters the frame to Use the right arm to pick the shoe with textured sole and position it on the mat"
episode729,blocks_ranking_size,"In a fixed robotic workspace, generate a rigid, physically consistent embodied robotic arm. The arm maintains high stability with no deformation and enters the frame to Grab large block, medium block, small block with the left arm, the left arm, the right arm and organize them by descending size."
episode730,adjust_bottle,"In a fixed robotic workspace, generate a rigid, physically consistent embodied robotic arm. The arm maintains high stability with no deformation and enters the frame to Raise the bottle with narrow top in a head-up position"
episode731,stamp_seal,"In a fixed robotic workspace, generate a rigid, physically consistent embodied robotic arm. The arm maintains high stability with no deformation and enters the frame to Use the seal showing carved detailed textures to mark Tan"
episode732,place_shoe,"In a fixed robotic workspace, generate a rigid, physically consistent embodied robotic arm. The arm maintains high stability with no deformation and enters the frame to Take the the rubber-soled shoe with lace-up top off the table and put it on the mat"
episode733,lift_pot,"In a fixed robotic workspace, generate a rigid, physically consistent embodied robotic arm. The arm maintains high stability with no deformation and enters the frame to With arms, raise the medium kitchenpot made of metal upward slowly."
episode734,place_dual_shoes,"In a fixed robotic workspace, generate a rigid, physically consistent embodied robotic arm. The arm maintains high stability with no deformation and enters the frame to Collect two the shoe with flat rubber sole, tips facing left, and put in the bright orange shoe-box."
episode735,place_fan,"In a fixed robotic workspace, generate a rigid, physically consistent embodied robotic arm. The arm maintains high stability with no deformation and enters the frame to Use the left arm to grab the fan with grid cover, then align it on the Cyan mat facing the robot."
episode736,beat_block_hammer,"In a fixed robotic workspace, generate a rigid, physically consistent embodied robotic arm. The arm maintains high stability with no deformation and enters the frame to Use the left arm to take the hammer for nails and strike"
episode737,open_microwave,"In a fixed robotic workspace, generate a rigid, physically consistent embodied robotic arm. The arm maintains high stability with no deformation and enters the frame to Engage the gray microwave using the left arm to open."
episode738,scan_object,"In a fixed robotic workspace, generate a rigid, physically consistent embodied robotic arm. The arm maintains high stability with no deformation and enters the frame to Take hold of the lightweight handheld barcode scanner using the right arm, grab the beige cube with golden leaf patterns using the left arm, and scan it."
episode739,lift_pot,"In a fixed robotic workspace, generate a rigid, physically consistent embodied robotic arm. The arm maintains high stability with no deformation and enters the frame to Raise the kitchenpot for boiling and cooking using both arms"
episode740,move_can_pot,"In a fixed robotic workspace, generate a rigid, physically consistent embodied robotic arm. The arm maintains high stability with no deformation and enters the frame to Bring the brown sauce can over and set it near the medium-sized teal blue cooking pot"
episode741,dump_bin_bigbin,"In a fixed robotic workspace, generate a rigid, physically consistent embodied robotic arm. The arm maintains high stability with no deformation and enters the frame to Control the arm to raise the open gray tabletrashbin and pour."
episode742,place_bread_skillet,"In a fixed robotic workspace, generate a rigid, physically consistent embodied robotic arm. The arm maintains high stability with no deformation and enters the frame to Place the bread with rough texture from the table into the flat-bottom skillet"
episode743,place_cans_plasticbox,"In a fixed robotic workspace, generate a rigid, physically consistent embodied robotic arm. The arm maintains high stability with no deformation and enters the frame to Pick up the red cylindrical can with silver top using one arm, set it in the durable plasticbox with side handle, repeat for the red green beverage can."
episode744,place_bread_basket,"In a fixed robotic workspace, generate a rigid, physically consistent embodied robotic arm. The arm maintains high stability with no deformation and enters the frame to Drop the bread with rounded edges into the smooth-textured breadbasket"
episode745,scan_object,"In a fixed robotic workspace, generate a rigid, physically consistent embodied robotic arm. The arm maintains high stability with no deformation and enters the frame to Pick the green tea box, grab the black and gray portable scanner, and use the black and gray portable scanner to scan the object."
episode746,stamp_seal,"In a fixed robotic workspace, generate a rigid, physically consistent embodied robotic arm. The arm maintains high stability with no deformation and enters the frame to Use the right arm, take the rectangular seal, and apply to Blue."
episode747,place_object_stand,"In a fixed robotic workspace, generate a rigid, physically consistent embodied robotic arm. The arm maintains high stability with no deformation and enters the frame to Lift the green toycar with the right arm and position on the metal displaystand."
episode748,shake_bottle,"In a fixed robotic workspace, generate a rigid, physically consistent embodied robotic arm. The arm maintains high stability with no deformation and enters the frame to Secure the yellow bottle with a green design, shake it, and place it down."
episode749,move_stapler_pad,"In a fixed robotic workspace, generate a rigid, physically consistent embodied robotic arm. The arm maintains high stability with no deformation and enters the frame to Set the black stapler for joining pages onto the Yellow colored mat."
episode750,place_shoe,"In a fixed robotic workspace, generate a rigid, physically consistent embodied robotic arm. The arm maintains high stability with no deformation and enters the frame to With the right arm, pick the shoe with rounded and open form up from the table and put it on the mat"
episode751,hanging_mug,"In a fixed robotic workspace, generate a rigid, physically consistent embodied robotic arm. The arm maintains high stability with no deformation and enters the frame to Use the left arm to grab the beige mug, rotate it, set it down, then hang the beige mug onto the metallic rack with smooth finish."
episode752,place_phone_stand,"In a fixed robotic workspace, generate a rigid, physically consistent embodied robotic arm. The arm maintains high stability with no deformation and enters the frame to Carry the glass-faced phone to the phonestand with slot."
episode753,stack_bowls_three,"In a fixed robotic workspace, generate a rigid, physically consistent embodied robotic arm. The arm maintains high stability with no deformation and enters the frame to Grab a the glazed bowl with curved sides, set it down, and stack the rest on it."
episode754,put_object_cabinet,"In a fixed robotic workspace, generate a rigid, physically consistent embodied robotic arm. The arm maintains high stability with no deformation and enters the frame to Open the cabinet with metal reinforcements's drawer and carefully drop the yellow-blue rubikscube into it."
episode755,shake_bottle_horizontally,"In a fixed robotic workspace, generate a rigid, physically consistent embodied robotic arm. The arm maintains high stability with no deformation and enters the frame to Lift the medium-sized green bottle and move it back and forth."
episode756,place_a2b_right,"In a fixed robotic workspace, generate a rigid, physically consistent embodied robotic arm. The arm maintains high stability with no deformation and enters the frame to Set the medium bread with rounded sides carefully on the rectangular block made of wood's right side."
episode757,place_mouse_pad,"In a fixed robotic workspace, generate a rigid, physically consistent embodied robotic arm. The arm maintains high stability with no deformation and enters the frame to Using the left arm, grab the palm-fitting mouse and place it on Red colored mat."
episode758,place_container_plate,"In a fixed robotic workspace, generate a rigid, physically consistent embodied robotic arm. The arm maintains high stability with no deformation and enters the frame to Place the container onto the round plate with the round ceramic bowl with black inner."
episode759,shake_bottle,"In a fixed robotic workspace, generate a rigid, physically consistent embodied robotic arm. The arm maintains high stability with no deformation and enters the frame to Grab the orange bottle and shake it steadily."
episode760,handover_block,"In a fixed robotic workspace, generate a rigid, physically consistent embodied robotic arm. The arm maintains high stability with no deformation and enters the frame to Pick the red block from the table, switch it from the left arm to the right, and place it down on the blue pad."
episode761,place_dual_shoes,"In a fixed robotic workspace, generate a rigid, physically consistent embodied robotic arm. The arm maintains high stability with no deformation and enters the frame to Transfer two the rounded front shoe, tips left-aligned, into the orange Nike shoe-box with logo."
episode762,place_burger_fries,"In a fixed robotic workspace, generate a rigid, physically consistent embodied robotic arm. The arm maintains high stability with no deformation and enters the frame to Grab the hamburg with yellow mark and the McDonald's fries bag, use both arms to set on the rectangular tray."
episode763,place_object_scale,"In a fixed robotic workspace, generate a rigid, physically consistent embodied robotic arm. The arm maintains high stability with no deformation and enters the frame to Lift the black stapler with curved top with one arm and set on the electronicscale for weighing objects"
episode764,dump_bin_bigbin,"In a fixed robotic workspace, generate a rigid, physically consistent embodied robotic arm. The arm maintains high stability with no deformation and enters the frame to Pour balls from the light gray cylindrical trashbin into the bin."
episode765,dump_bin_bigbin,"In a fixed robotic workspace, generate a rigid, physically consistent embodied robotic arm. The arm maintains high stability with no deformation and enters the frame to Pick up the compact tabletop trashbin and pour carefully."
episode766,place_container_plate,"In a fixed robotic workspace, generate a rigid, physically consistent embodied robotic arm. The arm maintains high stability with no deformation and enters the frame to Move the container with the dark inside bowl light blue outside to the medium plate for food."
episode767,blocks_ranking_size,"In a fixed robotic workspace, generate a rigid, physically consistent embodied robotic arm. The arm maintains high stability with no deformation and enters the frame to Position large block, medium block, and small block centrally, ordered from largest to smallest."
episode768,place_burger_fries,"In a fixed robotic workspace, generate a rigid, physically consistent embodied robotic arm. The arm maintains high stability with no deformation and enters the frame to Grab the rectangular hamburg box and the small red fries packet and position them on the rectangular green tray."
episode769,press_stapler,"In a fixed robotic workspace, generate a rigid, physically consistent embodied robotic arm. The arm maintains high stability with no deformation and enters the frame to Push the blue stapler until it staples."
episode770,click_alarmclock,"In a fixed robotic workspace, generate a rigid, physically consistent embodied robotic arm. The arm maintains high stability with no deformation and enters the frame to Use the right arm to press the alarm-clock with rounded edges's top center button."
episode771,stack_bowls_three,"In a fixed robotic workspace, generate a rigid, physically consistent embodied robotic arm. The arm maintains high stability with no deformation and enters the frame to Position the second the rounded bowl with light blue color over the first, then the third on top."
episode772,shake_bottle_horizontally,"In a fixed robotic workspace, generate a rigid, physically consistent embodied robotic arm. The arm maintains high stability with no deformation and enters the frame to Hold the bottle shaped like small cylinder with the left arm and shake horizontally."
episode773,move_can_pot,"In a fixed robotic workspace, generate a rigid, physically consistent embodied robotic arm. The arm maintains high stability with no deformation and enters the frame to Pick the medium sauce can with white lid up and carefully position it beside the kitchenpot with smooth metallic lid"
episode774,blocks_ranking_rgb,"In a fixed robotic workspace, generate a rigid, physically consistent embodied robotic arm. The arm maintains high stability with no deformation and enters the frame to Move red block with the right arm to the far left, green block with the left arm just beside red block, and finally blue block with the left arm next to green block."
episode775,move_can_pot,"In a fixed robotic workspace, generate a rigid, physically consistent embodied robotic arm. The arm maintains high stability with no deformation and enters the frame to Take the printed label sauce can with the left arm, place it near the cooking kitchenpot with sturdy handles"
episode776,move_stapler_pad,"In a fixed robotic workspace, generate a rigid, physically consistent embodied robotic arm. The arm maintains high stability with no deformation and enters the frame to Pick the manual stapler with black base up and position it on Blue mat"
episode777,pick_diverse_bottles,"In a fixed robotic workspace, generate a rigid, physically consistent embodied robotic arm. The arm maintains high stability with no deformation and enters the frame to Secure the white and orange plastic bottle and the black plastic bottle with Pepsi logo in succession."
episode778,rotate_qrcode,"In a fixed robotic workspace, generate a rigid, physically consistent embodied robotic arm. The arm maintains high stability with no deformation and enters the frame to Catch the small black stand for payments, lift it, and adjust its QR code to face you."
episode779,adjust_bottle,"In a fixed robotic workspace, generate a rigid, physically consistent embodied robotic arm. The arm maintains high stability with no deformation and enters the frame to Lift the smooth green plastic bottle from the table upright"
episode780,place_can_basket,"In a fixed robotic workspace, generate a rigid, physically consistent embodied robotic arm. The arm maintains high stability with no deformation and enters the frame to Place the red shiny can with green label in the basket with black handle and then lift the basket with black handle."
episode781,open_laptop,"In a fixed robotic workspace, generate a rigid, physically consistent embodied robotic arm. The arm maintains high stability with no deformation and enters the frame to Raise the blue-screen laptop with flat keys using the right arm."
episode782,place_fan,"In a fixed robotic workspace, generate a rigid, physically consistent embodied robotic arm. The arm maintains high stability with no deformation and enters the frame to Use the left arm to grab the fan with round blades, put it on the Brown mat, and face it toward the robot"
episode783,adjust_bottle,"In a fixed robotic workspace, generate a rigid, physically consistent embodied robotic arm. The arm maintains high stability with no deformation and enters the frame to Pick the long thin bottle and keep it upright"
episode784,place_container_plate,"In a fixed robotic workspace, generate a rigid, physically consistent embodied robotic arm. The arm maintains high stability with no deformation and enters the frame to Move the container with the simple serving bowl to the smooth greenish table plate."
episode785,place_container_plate,"In a fixed robotic workspace, generate a rigid, physically consistent embodied robotic arm. The arm maintains high stability with no deformation and enters the frame to Use the gray bowl with polished surface to grab the container and place it on the flat ceramic plate with smooth texture."
episode786,handover_block,"In a fixed robotic workspace, generate a rigid, physically consistent embodied robotic arm. The arm maintains high stability with no deformation and enters the frame to Lift the red block with the left arm, move it to the right, and place it onto the blue pad."
episode787,put_object_cabinet,"In a fixed robotic workspace, generate a rigid, physically consistent embodied robotic arm. The arm maintains high stability with no deformation and enters the frame to Open the medium-sized cabinet's drawer and place the oval-shaped mouse inside it."
episode788,pick_dual_bottles,"In a fixed robotic workspace, generate a rigid, physically consistent embodied robotic arm. The arm maintains high stability with no deformation and enters the frame to Pick up the Coca-Cola bottle and the medium-sized green bottle using separate hands."
episode789,scan_object,"In a fixed robotic workspace, generate a rigid, physically consistent embodied robotic arm. The arm maintains high stability with no deformation and enters the frame to Pick the curved black scanner with trigger, then pick the tea box, and use the curved black scanner with trigger to scan the tea box"
episode790,stamp_seal,"In a fixed robotic workspace, generate a rigid, physically consistent embodied robotic arm. The arm maintains high stability with no deformation and enters the frame to Set the light beige ridged handle seal on Silver"
episode791,stack_blocks_three,"In a fixed robotic workspace, generate a rigid, physically consistent embodied robotic arm. The arm maintains high stability with no deformation and enters the frame to Bring red block, green block, and blue block to the center using the left arm, the right arm, and the left arm. Stack green block on red block."
episode792,put_object_cabinet,"In a fixed robotic workspace, generate a rigid, physically consistent embodied robotic arm. The arm maintains high stability with no deformation and enters the frame to Slide open the light wood top cabinet's drawer and set the lightweight phone inside."
episode793,turn_switch,"In a fixed robotic workspace, generate a rigid, physically consistent embodied robotic arm. The arm maintains high stability with no deformation and enters the frame to Trigger the tiny matte beige toggle switch using the right arm"
episode794,move_stapler_pad,"In a fixed robotic workspace, generate a rigid, physically consistent embodied robotic arm. The arm maintains high stability with no deformation and enters the frame to Pick the stapler with rounded edges with the left arm and place it on Magenta mat"
episode795,place_object_basket,"In a fixed robotic workspace, generate a rigid, physically consistent embodied robotic arm. The arm maintains high stability with no deformation and enters the frame to Grab the shiny green toycar, drop in the brown basket with woven ridges, and move the brown basket with woven ridges."
episode796,click_bell,"In a fixed robotic workspace, generate a rigid, physically consistent embodied robotic arm. The arm maintains high stability with no deformation and enters the frame to Press the specified top area of the bell with protruding knob."
episode797,place_can_basket,"In a fixed robotic workspace, generate a rigid, physically consistent embodied robotic arm. The arm maintains high stability with no deformation and enters the frame to Use the right arm to grab the smooth red can and place in the basket with arched black grip, lift the basket with arched black grip with another arm."
episode798,handover_mic,"In a fixed robotic workspace, generate a rigid, physically consistent embodied robotic arm. The arm maintains high stability with no deformation and enters the frame to Secure the microphone with textured metal head using one arm and transfer it."
episode799,put_object_cabinet,"In a fixed robotic workspace, generate a rigid, physically consistent embodied robotic arm. The arm maintains high stability with no deformation and enters the frame to Open the rectangular cabinet's drawer and move the playingcards storage box into it."
episode800,place_can_basket,"In a fixed robotic workspace, generate a rigid, physically consistent embodied robotic arm. The arm maintains high stability with no deformation and enters the frame to Use the right arm to grab the red beverage can with curved top and place in the plastic basket, lift the plastic basket with another arm."
episode801,stack_bowls_three,"In a fixed robotic workspace, generate a rigid, physically consistent embodied robotic arm. The arm maintains high stability with no deformation and enters the frame to Hold the dark inside bowl light blue outside, place them one after another."
episode802,place_shoe,"In a fixed robotic workspace, generate a rigid, physically consistent embodied robotic arm. The arm maintains high stability with no deformation and enters the frame to Pick up the shoe with lace-up front from the table and set it on the mat"
episode803,place_shoe,"In a fixed robotic workspace, generate a rigid, physically consistent embodied robotic arm. The arm maintains high stability with no deformation and enters the frame to Grab the classic sneaker design shoe using the right arm and drop it on the mat"
episode804,adjust_bottle,"In a fixed robotic workspace, generate a rigid, physically consistent embodied robotic arm. The arm maintains high stability with no deformation and enters the frame to Grab the narrow-necked bottle and lift it into a head-up position"
episode805,stack_blocks_two,"In a fixed robotic workspace, generate a rigid, physically consistent embodied robotic arm. The arm maintains high stability with no deformation and enters the frame to Set red block in the center, then position green block on top of it."
episode806,handover_block,"In a fixed robotic workspace, generate a rigid, physically consistent embodied robotic arm. The arm maintains high stability with no deformation and enters the frame to Lift the red block, hand it over, and place it properly."
episode807,place_bread_basket,"In a fixed robotic workspace, generate a rigid, physically consistent embodied robotic arm. The arm maintains high stability with no deformation and enters the frame to Grab the bread with warm golden color and the bread with rounded corners quickly and drop them into the medium-sized rectangular breadbasket."
episode808,stack_bowls_three,"In a fixed robotic workspace, generate a rigid, physically consistent embodied robotic arm. The arm maintains high stability with no deformation and enters the frame to Use arms to place each the glazed bowl with curved sides atop the previous one."
episode809,turn_switch,"In a fixed robotic workspace, generate a rigid, physically consistent embodied robotic arm. The arm maintains high stability with no deformation and enters the frame to Engage the red and black switch using the left arm."
episode810,stack_bowls_two,"In a fixed robotic workspace, generate a rigid, physically consistent embodied robotic arm. The arm maintains high stability with no deformation and enters the frame to Set the medium-sized bowl for holding food down, then add the dark inside bowl light blue outside over it."
episode811,place_object_basket,"In a fixed robotic workspace, generate a rigid, physically consistent embodied robotic arm. The arm maintains high stability with no deformation and enters the frame to Put the compact teal toycar in the basket with arched black grip, then move the basket with arched black grip away slightly."
episode812,put_object_cabinet,"In a fixed robotic workspace, generate a rigid, physically consistent embodied robotic arm. The arm maintains high stability with no deformation and enters the frame to Open the cabinet with gray sides's drawer and move the multi-colored cube into it."
episode813,stack_blocks_three,"In a fixed robotic workspace, generate a rigid, physically consistent embodied robotic arm. The arm maintains high stability with no deformation and enters the frame to Transfer red block, green block, and blue block to the center, arranging blue block on top of green block and green block on red block with the left arm, the right arm, the right arm."
episode814,put_bottles_dustbin,"In a fixed robotic workspace, generate a rigid, physically consistent embodied robotic arm. The arm maintains high stability with no deformation and enters the frame to Grab the yellow bottle with smooth texture, put it in the black and white trash holder, follow by moving the smooth transparent plastic bottle and the red-labeled soda bottle there too."
episode815,stack_bowls_three,"In a fixed robotic workspace, generate a rigid, physically consistent embodied robotic arm. The arm maintains high stability with no deformation and enters the frame to Place the first the dark inside bowl light blue outside down, then stack the remaining two."
episode816,place_object_stand,"In a fixed robotic workspace, generate a rigid, physically consistent embodied robotic arm. The arm maintains high stability with no deformation and enters the frame to Place the blue toycar precisely on top of the hollow black displaystand."
episode817,click_bell,"In a fixed robotic workspace, generate a rigid, physically consistent embodied robotic arm. The arm maintains high stability with no deformation and enters the frame to Tap the top center of the bell with metallic top and plastic base."
episode818,place_shoe,"In a fixed robotic workspace, generate a rigid, physically consistent embodied robotic arm. The arm maintains high stability with no deformation and enters the frame to Pick the shoe with curved sole up from the table and drop it directly on the mat"
episode819,scan_object,"In a fixed robotic workspace, generate a rigid, physically consistent embodied robotic arm. The arm maintains high stability with no deformation and enters the frame to Hold the handheld scanner, grab the golden tea box, then scan the golden tea box using the handheld scanner."
episode820,adjust_bottle,"In a fixed robotic workspace, generate a rigid, physically consistent embodied robotic arm. The arm maintains high stability with no deformation and enters the frame to Grab the red-capped bottle and lift it into a head-up position"
episode821,place_dual_shoes,"In a fixed robotic workspace, generate a rigid, physically consistent embodied robotic arm. The arm maintains high stability with no deformation and enters the frame to Lay down two the shoe for walking in the shoe-box with Nike printed logo, tips oriented left."
episode822,move_can_pot,"In a fixed robotic workspace, generate a rigid, physically consistent embodied robotic arm. The arm maintains high stability with no deformation and enters the frame to Take the white plastic lid sauce can with the left arm, place it near the gray cylindrical metal kitchenpot"
episode823,place_container_plate,"In a fixed robotic workspace, generate a rigid, physically consistent embodied robotic arm. The arm maintains high stability with no deformation and enters the frame to Move the container with the ceramic bowl to the dish plate."
episode824,place_bread_skillet,"In a fixed robotic workspace, generate a rigid, physically consistent embodied robotic arm. The arm maintains high stability with no deformation and enters the frame to Use the right arm to pick the golden crusted bread slice and place it into the solid dark-colored round pan."
episode825,stamp_seal,"In a fixed robotic workspace, generate a rigid, physically consistent embodied robotic arm. The arm maintains high stability with no deformation and enters the frame to Use the right arm, take the seal with vertical textured grip, and apply to Black."
episode826,pick_diverse_bottles,"In a fixed robotic workspace, generate a rigid, physically consistent embodied robotic arm. The arm maintains high stability with no deformation and enters the frame to Grab and lift the narrow-necked bottle, then lift the medium green bottle with capped neck next."
episode827,pick_dual_bottles,"In a fixed robotic workspace, generate a rigid, physically consistent embodied robotic arm. The arm maintains high stability with no deformation and enters the frame to Use each arm to hold the smooth bottle with red lid and the bottle with rounded neck."
episode828,blocks_ranking_size,"In a fixed robotic workspace, generate a rigid, physically consistent embodied robotic arm. The arm maintains high stability with no deformation and enters the frame to Shift large block, medium block, and small block to the table's center and sort by size."
episode829,place_fan,"In a fixed robotic workspace, generate a rigid, physically consistent embodied robotic arm. The arm maintains high stability with no deformation and enters the frame to Lift the smooth compact fan, place it on the Gray mat, and ensure it's facing the robot."
episode830,stack_bowls_two,"In a fixed robotic workspace, generate a rigid, physically consistent embodied robotic arm. The arm maintains high stability with no deformation and enters the frame to Set the blue bowl with slightly rounded base down, then add the glazed bowl with curved sides over it."
episode831,place_object_stand,"In a fixed robotic workspace, generate a rigid, physically consistent embodied robotic arm. The arm maintains high stability with no deformation and enters the frame to Pick the compact tabletop bell up and place on the matte black displaystand"
episode832,rotate_qrcode,"In a fixed robotic workspace, generate a rigid, physically consistent embodied robotic arm. The arm maintains high stability with no deformation and enters the frame to Catch and lift the beige paymentsign, then turn it to show the QR code."
episode833,stack_bowls_two,"In a fixed robotic workspace, generate a rigid, physically consistent embodied robotic arm. The arm maintains high stability with no deformation and enters the frame to Set down the curved bowl light blue shade and drop the medium-sized bowl for holding food on top."
episode834,place_object_basket,"In a fixed robotic workspace, generate a rigid, physically consistent embodied robotic arm. The arm maintains high stability with no deformation and enters the frame to Lift the play car in teal and white using the left arm, drop it in the wooden basket with curved handle, then push the wooden basket with curved handle via the right arm."
episode835,grab_roller,"In a fixed robotic workspace, generate a rigid, physically consistent embodied robotic arm. The arm maintains high stability with no deformation and enters the frame to Grip the light brown roller firmly with arms."
episode836,click_bell,"In a fixed robotic workspace, generate a rigid, physically consistent embodied robotic arm. The arm maintains high stability with no deformation and enters the frame to Direct the right arm to touch the simple hand bell with black stand's top."
episode837,blocks_ranking_rgb,"In a fixed robotic workspace, generate a rigid, physically consistent embodied robotic arm. The arm maintains high stability with no deformation and enters the frame to Use the right arm to grab red block, set it on the left, follow with the right arm for green block, and end with the left arm for blue block."
episode838,put_bottles_dustbin,"In a fixed robotic workspace, generate a rigid, physically consistent embodied robotic arm. The arm maintains high stability with no deformation and enters the frame to Use arms to pick the smooth yellow bottle with ridged cap, the smooth transparent plastic bottle, the bottle with curved body shape, and place them one by one in the plastic dustbin."
episode839,click_alarmclock,"In a fixed robotic workspace, generate a rigid, physically consistent embodied robotic arm. The arm maintains high stability with no deformation and enters the frame to Use the left arm to press the central button on the lightweight plastic alarm-clock."
episode840,place_can_basket,"In a fixed robotic workspace, generate a rigid, physically consistent embodied robotic arm. The arm maintains high stability with no deformation and enters the frame to Lift the metallic can with rounded edges, place it in the plastic basket, and raise the plastic basket."
episode841,place_cans_plasticbox,"In a fixed robotic workspace, generate a rigid, physically consistent embodied robotic arm. The arm maintains high stability with no deformation and enters the frame to Move the red can into the medium box with angled sides, then pick and drop the green red metallic soda can into the same box."
episode842,grab_roller,"In a fixed robotic workspace, generate a rigid, physically consistent embodied robotic arm. The arm maintains high stability with no deformation and enters the frame to Take both arms to grasp the roller with smooth texture."
episode843,stack_blocks_three,"In a fixed robotic workspace, generate a rigid, physically consistent embodied robotic arm. The arm maintains high stability with no deformation and enters the frame to Stack blue block over green block and green block over red block after moving all blocks to the center."
episode844,stack_bowls_three,"In a fixed robotic workspace, generate a rigid, physically consistent embodied robotic arm. The arm maintains high stability with no deformation and enters the frame to Stack the the bowl with brown outer rim sequentially using your arms."
episode845,place_a2b_left,"In a fixed robotic workspace, generate a rigid, physically consistent embodied robotic arm. The arm maintains high stability with no deformation and enters the frame to Shift the small dark cleaning soap leftward to the side of the smooth cube with twisting blocks"
episode846,place_empty_cup,"In a fixed robotic workspace, generate a rigid, physically consistent embodied robotic arm. The arm maintains high stability with no deformation and enters the frame to Use the arm to position the cylindrical light blue cup on the coaster with circular shape."
episode847,place_a2b_right,"In a fixed robotic workspace, generate a rigid, physically consistent embodied robotic arm. The arm maintains high stability with no deformation and enters the frame to Place the pink toycar using the right arm at the light gray rectangular cleaning soap's right"
episode848,place_empty_cup,"In a fixed robotic workspace, generate a rigid, physically consistent embodied robotic arm. The arm maintains high stability with no deformation and enters the frame to Use the arm to put the smooth blue drinking cup onto the flat round wooden coaster."
episode849,put_bottles_dustbin,"In a fixed robotic workspace, generate a rigid, physically consistent embodied robotic arm. The arm maintains high stability with no deformation and enters the frame to Use arms to move the bottle with small ridged green cap, the medium-sized water bottle, and the black bottle with red label into the black and white trash holder."
episode850,move_pillbottle_pad,"In a fixed robotic workspace, generate a rigid, physically consistent embodied robotic arm. The arm maintains high stability with no deformation and enters the frame to Set the medium-sized white cylindrical container down on the pad after picking it."
episode851,place_container_plate,"In a fixed robotic workspace, generate a rigid, physically consistent embodied robotic arm. The arm maintains high stability with no deformation and enters the frame to Position the container using the white cup onto the medium plate for food."
episode852,stamp_seal,"In a fixed robotic workspace, generate a rigid, physically consistent embodied robotic arm. The arm maintains high stability with no deformation and enters the frame to Grab the hand-sized rectangular brown seal and press Orange"
episode853,put_bottles_dustbin,"In a fixed robotic workspace, generate a rigid, physically consistent embodied robotic arm. The arm maintains high stability with no deformation and enters the frame to Lift the cylindrical yellow bottle for holding liquids, the cylindrical bottle, and the red bottle, dropping each into the medium black garbage container sequentially."
episode854,move_can_pot,"In a fixed robotic workspace, generate a rigid, physically consistent embodied robotic arm. The arm maintains high stability with no deformation and enters the frame to Pick the brown top white sauce can up and carefully position it beside the cylindrical kitchenpot"
episode855,turn_switch,"In a fixed robotic workspace, generate a rigid, physically consistent embodied robotic arm. The arm maintains high stability with no deformation and enters the frame to Press the gray switch with black buttons using robotic control"
episode856,move_pillbottle_pad,"In a fixed robotic workspace, generate a rigid, physically consistent embodied robotic arm. The arm maintains high stability with no deformation and enters the frame to Grab the smooth plastic bottle with teal accents carefully and drop it on pad"
episode857,grab_roller,"In a fixed robotic workspace, generate a rigid, physically consistent embodied robotic arm. The arm maintains high stability with no deformation and enters the frame to Use arms to hold the light brown wooden roller tightly."
episode858,place_bread_skillet,"In a fixed robotic workspace, generate a rigid, physically consistent embodied robotic arm. The arm maintains high stability with no deformation and enters the frame to Use the right arm to place the bread with warm golden color into the heavy black cooking skillet"
episode859,place_object_basket,"In a fixed robotic workspace, generate a rigid, physically consistent embodied robotic arm. The arm maintains high stability with no deformation and enters the frame to Put the small playingcards container in the basket with handle and pull the basket with handle away."
episode860,place_a2b_left,"In a fixed robotic workspace, generate a rigid, physically consistent embodied robotic arm. The arm maintains high stability with no deformation and enters the frame to Set the angled rectangular light brown coffee-box to the left of the small desk bell for tapping"
episode861,place_can_basket,"In a fixed robotic workspace, generate a rigid, physically consistent embodied robotic arm. The arm maintains high stability with no deformation and enters the frame to Use the left arm to grab the red green beverage can, put it into the medium yellow basket with slots, and lift the medium yellow basket with slots with another arm."
episode862,place_object_scale,"In a fixed robotic workspace, generate a rigid, physically consistent embodied robotic arm. The arm maintains high stability with no deformation and enters the frame to Pick the smooth plastic mouse and lay it down gently onto the small rectangular electronicscale"
episode863,hanging_mug,"In a fixed robotic workspace, generate a rigid, physically consistent embodied robotic arm. The arm maintains high stability with no deformation and enters the frame to Lift the mug with side handle, rotate it, put it down in the table's center, then hang it onto the dark gray rack."
episode864,open_laptop,"In a fixed robotic workspace, generate a rigid, physically consistent embodied robotic arm. The arm maintains high stability with no deformation and enters the frame to Use the right arm to open the compact silver laptop"
episode865,place_shoe,"In a fixed robotic workspace, generate a rigid, physically consistent embodied robotic arm. The arm maintains high stability with no deformation and enters the frame to Use the right arm to grab the the shoe with black accents and put it on the mat"
episode866,place_empty_cup,"In a fixed robotic workspace, generate a rigid, physically consistent embodied robotic arm. The arm maintains high stability with no deformation and enters the frame to Align the medium-sized plastic blue cup and set it down on the light gray round grainy coaster"
episode867,hanging_mug,"In a fixed robotic workspace, generate a rigid, physically consistent embodied robotic arm. The arm maintains high stability with no deformation and enters the frame to Pick the light brown mug, turn it, put it in the center, and transfer it to the rack with two rods sticking out."
episode868,blocks_ranking_size,"In a fixed robotic workspace, generate a rigid, physically consistent embodied robotic arm. The arm maintains high stability with no deformation and enters the frame to Place large block, medium block, and small block at the center and sort them from largest to smallest."
episode869,move_pillbottle_pad,"In a fixed robotic workspace, generate a rigid, physically consistent embodied robotic arm. The arm maintains high stability with no deformation and enters the frame to Lift the compact plastic bottle with screw cap and set it on the pad"
episode870,place_a2b_left,"In a fixed robotic workspace, generate a rigid, physically consistent embodied robotic arm. The arm maintains high stability with no deformation and enters the frame to With the right arm, place the slanted rectangular soap left of the woodenblock with recessed area"
episode871,open_laptop,"In a fixed robotic workspace, generate a rigid, physically consistent embodied robotic arm. The arm maintains high stability with no deformation and enters the frame to Pull the metallic laptop open with the right arm."
episode872,scan_object,"In a fixed robotic workspace, generate a rigid, physically consistent embodied robotic arm. The arm maintains high stability with no deformation and enters the frame to Hold the tea-box with rectangular edges with one hand, grab the scanner with curved handle with the other, and scan the tea-box with rectangular edges."
episode873,turn_switch,"In a fixed robotic workspace, generate a rigid, physically consistent embodied robotic arm. The arm maintains high stability with no deformation and enters the frame to Operate the left arm to engage the rectangular switch with smooth surface"
episode874,shake_bottle,"In a fixed robotic workspace, generate a rigid, physically consistent embodied robotic arm. The arm maintains high stability with no deformation and enters the frame to Grab the yellow-capped plastic bottle using the left arm, then shake."
episode875,lift_pot,"In a fixed robotic workspace, generate a rigid, physically consistent embodied robotic arm. The arm maintains high stability with no deformation and enters the frame to Hold and raise the round kitchenpot with handles together"
episode876,blocks_ranking_rgb,"In a fixed robotic workspace, generate a rigid, physically consistent embodied robotic arm. The arm maintains high stability with no deformation and enters the frame to Using the left arm, the left arm, and the right arm, align red block, green block, and blue block in a row from left to right."
episode877,put_object_cabinet,"In a fixed robotic workspace, generate a rigid, physically consistent embodied robotic arm. The arm maintains high stability with no deformation and enters the frame to Open the storage cabinet's drawer and carefully drop the box with cards inside into it."
episode878,put_object_cabinet,"In a fixed robotic workspace, generate a rigid, physically consistent embodied robotic arm. The arm maintains high stability with no deformation and enters the frame to Open the storage cabinet's drawer and carefully drop the rubikscube with yellow and orange squares into it."
episode879,shake_bottle_horizontally,"In a fixed robotic workspace, generate a rigid, physically consistent embodied robotic arm. The arm maintains high stability with no deformation and enters the frame to Use the right arm to hold the smooth orange bottle and shake it sideways."
episode880,open_laptop,"In a fixed robotic workspace, generate a rigid, physically consistent embodied robotic arm. The arm maintains high stability with no deformation and enters the frame to Lift the portable folding Toshiba laptop lid completely."
episode881,place_phone_stand,"In a fixed robotic workspace, generate a rigid, physically consistent embodied robotic arm. The arm maintains high stability with no deformation and enters the frame to Take the metal and glass black phone to the green plastic holder."
episode882,lift_pot,"In a fixed robotic workspace, generate a rigid, physically consistent embodied robotic arm. The arm maintains high stability with no deformation and enters the frame to Use both arms to raise the cylindrical kitchenpot"
episode883,place_dual_shoes,"In a fixed robotic workspace, generate a rigid, physically consistent embodied robotic arm. The arm maintains high stability with no deformation and enters the frame to Grab both the shoe for everyday wear and put them into the medium orange box with smooth surface, tips left."
episode884,place_phone_stand,"In a fixed robotic workspace, generate a rigid, physically consistent embodied robotic arm. The arm maintains high stability with no deformation and enters the frame to Move the compact phone onto the green phone rack."
episode885,place_object_basket,"In a fixed robotic workspace, generate a rigid, physically consistent embodied robotic arm. The arm maintains high stability with no deformation and enters the frame to Take the small toycar for kids play, put the small toycar for kids play into the rectangular yellow basket, shift the rectangular yellow basket."
episode886,move_pillbottle_pad,"In a fixed robotic workspace, generate a rigid, physically consistent embodied robotic arm. The arm maintains high stability with no deformation and enters the frame to Set the bottle with white label and cap on pad after lifting it with the right arm"
episode887,pick_dual_bottles,"In a fixed robotic workspace, generate a rigid, physically consistent embodied robotic arm. The arm maintains high stability with no deformation and enters the frame to Catch the medium dark brown bottle in one arm, the handheld green bottle in the other."
episode888,place_bread_skillet,"In a fixed robotic workspace, generate a rigid, physically consistent embodied robotic arm. The arm maintains high stability with no deformation and enters the frame to Place the golden crusted bread slice from the table into the metal skillet"
episode889,handover_block,"In a fixed robotic workspace, generate a rigid, physically consistent embodied robotic arm. The arm maintains high stability with no deformation and enters the frame to Use the left arm to grab the red block, hand it to the right arm, and place it on the blue pad."
episode890,turn_switch,"In a fixed robotic workspace, generate a rigid, physically consistent embodied robotic arm. The arm maintains high stability with no deformation and enters the frame to Click the gray base with black buttons using automated tools"
episode891,press_stapler,"In a fixed robotic workspace, generate a rigid, physically consistent embodied robotic arm. The arm maintains high stability with no deformation and enters the frame to Use your the right arm to press the stapler the red stapler."
episode892,place_container_plate,"In a fixed robotic workspace, generate a rigid, physically consistent embodied robotic arm. The arm maintains high stability with no deformation and enters the frame to Use the dark ribbed plastic drinking cup to place the container onto the flat ceramic plate with smooth texture."
episode893,handover_block,"In a fixed robotic workspace, generate a rigid, physically consistent embodied robotic arm. The arm maintains high stability with no deformation and enters the frame to Use the left arm to pick up the red block and transfer it to the right arm before placing it on the blue pad."
episode894,stack_blocks_two,"In a fixed robotic workspace, generate a rigid, physically consistent embodied robotic arm. The arm maintains high stability with no deformation and enters the frame to Move red block to the center using the right arm, then stack green block on red block using the left arm."
episode895,place_mouse_pad,"In a fixed robotic workspace, generate a rigid, physically consistent embodied robotic arm. The arm maintains high stability with no deformation and enters the frame to Lift the mouse with scroll wheel in center with the left arm and place it on the Cyan mat."
episode896,blocks_ranking_size,"In a fixed robotic workspace, generate a rigid, physically consistent embodied robotic arm. The arm maintains high stability with no deformation and enters the frame to Transfer large block, medium block, small block to the center, aligning from largest to smallest."
episode897,place_object_scale,"In a fixed robotic workspace, generate a rigid, physically consistent embodied robotic arm. The arm maintains high stability with no deformation and enters the frame to Using the right arm, grab the brown-bottomed bell and place on the electronicscale with black display screen"
episode898,place_object_stand,"In a fixed robotic workspace, generate a rigid, physically consistent embodied robotic arm. The arm maintains high stability with no deformation and enters the frame to Grab the stapler with silver inner plates with the right arm and move to the simple black displaystand"
episode899,stamp_seal,"In a fixed robotic workspace, generate a rigid, physically consistent embodied robotic arm. The arm maintains high stability with no deformation and enters the frame to Pick the yellow stamping tool and press down on Orange"
episode900,move_pillbottle_pad,"In a fixed robotic workspace, generate a rigid, physically consistent embodied robotic arm. The arm maintains high stability with no deformation and enters the frame to Move the plastic bottle with ridged white cap to the pad and let it rest there"
episode901,place_object_stand,"In a fixed robotic workspace, generate a rigid, physically consistent embodied robotic arm. The arm maintains high stability with no deformation and enters the frame to Grab the mouse with curved ergonomic shape using the left arm and place it on the angled black smooth displaystand"
episode902,hanging_mug,"In a fixed robotic workspace, generate a rigid, physically consistent embodied robotic arm. The arm maintains high stability with no deformation and enters the frame to Lift the hand-sized ceramic cylindrical mug from the table, turn it, put it down in the middle, then hang it onto the metallic angular rack with rod pair."
episode903,pick_diverse_bottles,"In a fixed robotic workspace, generate a rigid, physically consistent embodied robotic arm. The arm maintains high stability with no deformation and enters the frame to Hold onto the orange bottle with bold labeling and then get the smooth brown bottle with green label."
episode904,pick_dual_bottles,"In a fixed robotic workspace, generate a rigid, physically consistent embodied robotic arm. The arm maintains high stability with no deformation and enters the frame to Let each arm grab either the yellow bottle or the dark brown bottle with a squared body."
episode905,handover_block,"In a fixed robotic workspace, generate a rigid, physically consistent embodied robotic arm. The arm maintains high stability with no deformation and enters the frame to Pick up and handover the red block."
episode906,pick_diverse_bottles,"In a fixed robotic workspace, generate a rigid, physically consistent embodied robotic arm. The arm maintains high stability with no deformation and enters the frame to Catch the red bottle with narrow neck, grab the white-capped brown cylindrical bottle next."
episode907,shake_bottle,"In a fixed robotic workspace, generate a rigid, physically consistent embodied robotic arm. The arm maintains high stability with no deformation and enters the frame to Grab the round-bottom bottle with white cap and shake it steadily."
episode908,place_object_basket,"In a fixed robotic workspace, generate a rigid, physically consistent embodied robotic arm. The arm maintains high stability with no deformation and enters the frame to Use one arm to place the box with cards inside in the wooden basket with curved handle."
episode909,place_bread_skillet,"In a fixed robotic workspace, generate a rigid, physically consistent embodied robotic arm. The arm maintains high stability with no deformation and enters the frame to Grab the golden bread loaf with the right arm and place in the medium-sized frying skillet"
episode910,stack_bowls_two,"In a fixed robotic workspace, generate a rigid, physically consistent embodied robotic arm. The arm maintains high stability with no deformation and enters the frame to Use the right arm for the curved bowl light blue shade, place it, and stack the small bowl with brown edge with the right arm."
episode911,stack_bowls_two,"In a fixed robotic workspace, generate a rigid, physically consistent embodied robotic arm. The arm maintains high stability with no deformation and enters the frame to Grab the curved bowl light blue shade, set it down, then place the rounded bowl with light blue color over it."
episode912,click_bell,"In a fixed robotic workspace, generate a rigid, physically consistent embodied robotic arm. The arm maintains high stability with no deformation and enters the frame to Use the left arm to touch the simple hand bell with black stand's top center."
episode913,stack_blocks_three,"In a fixed robotic workspace, generate a rigid, physically consistent embodied robotic arm. The arm maintains high stability with no deformation and enters the frame to Shift red block, green block, and blue block to the center using the right arm, the left arm, the right arm, then pile blue block on green block, green block on red block."
episode914,stamp_seal,"In a fixed robotic workspace, generate a rigid, physically consistent embodied robotic arm. The arm maintains high stability with no deformation and enters the frame to Use the right arm to lift the decorative brown stamping seal, then stamp Silver."
episode915,shake_bottle_horizontally,"In a fixed robotic workspace, generate a rigid, physically consistent embodied robotic arm. The arm maintains high stability with no deformation and enters the frame to Pick the ridged orange bottle with grooves, then shake it horizontally."
episode916,click_alarmclock,"In a fixed robotic workspace, generate a rigid, physically consistent embodied robotic arm. The arm maintains high stability with no deformation and enters the frame to Activate the small clock with rounded edges by pressing the top button"
episode917,move_playingcard_away,"In a fixed robotic workspace, generate a rigid, physically consistent embodied robotic arm. The arm maintains high stability with no deformation and enters the frame to Move the rectangle-shaped cards box away from its position on the table."
episode918,put_object_cabinet,"In a fixed robotic workspace, generate a rigid, physically consistent embodied robotic arm. The arm maintains high stability with no deformation and enters the frame to Open the storage cabinet's drawer first, then place the palm-sized rectangular soap inside."
episode919,lift_pot,"In a fixed robotic workspace, generate a rigid, physically consistent embodied robotic arm. The arm maintains high stability with no deformation and enters the frame to Raise the gray cylindrical metal kitchenpot steadily using arms"
episode920,place_object_scale,"In a fixed robotic workspace, generate a rigid, physically consistent embodied robotic arm. The arm maintains high stability with no deformation and enters the frame to Transport the blue bell to the electronicscale with metallic dial and put it there."
episode921,blocks_ranking_rgb,"In a fixed robotic workspace, generate a rigid, physically consistent embodied robotic arm. The arm maintains high stability with no deformation and enters the frame to Start by grabbing red block, place it on the leftmost side. Next, position green block beside red block, and finally set blue block to the right of green block."
episode922,blocks_ranking_size,"In a fixed robotic workspace, generate a rigid, physically consistent embodied robotic arm. The arm maintains high stability with no deformation and enters the frame to Pick large block, medium block, and small block sequentially and move them to the center."
episode923,place_shoe,"In a fixed robotic workspace, generate a rigid, physically consistent embodied robotic arm. The arm maintains high stability with no deformation and enters the frame to Lift the the smooth leather shoe from the table and place it onto the mat"
episode924,handover_mic,"In a fixed robotic workspace, generate a rigid, physically consistent embodied robotic arm. The arm maintains high stability with no deformation and enters the frame to Use one hand to grab the mesh-patterned microphone head and pass it."
episode925,place_empty_cup,"In a fixed robotic workspace, generate a rigid, physically consistent embodied robotic arm. The arm maintains high stability with no deformation and enters the frame to Use the arm to position the medium blue cylindrical cup onto the wooden coaster."
episode926,pick_diverse_bottles,"In a fixed robotic workspace, generate a rigid, physically consistent embodied robotic arm. The arm maintains high stability with no deformation and enters the frame to Secure the smooth plastic bottle and the plastic bottle in succession."
episode927,stack_blocks_three,"In a fixed robotic workspace, generate a rigid, physically consistent embodied robotic arm. The arm maintains high stability with no deformation and enters the frame to Position red block, green block, and blue block in the center and stack blue block on green block, followed by green block on red block."
episode928,stack_blocks_two,"In a fixed robotic workspace, generate a rigid, physically consistent embodied robotic arm. The arm maintains high stability with no deformation and enters the frame to Position red block and green block at the center, then stack green block on red block."
episode929,place_mouse_pad,"In a fixed robotic workspace, generate a rigid, physically consistent embodied robotic arm. The arm maintains high stability with no deformation and enters the frame to Pick up the mouse with curved top and set it on the Blue colored mat."
episode930,place_object_basket,"In a fixed robotic workspace, generate a rigid, physically consistent embodied robotic arm. The arm maintains high stability with no deformation and enters the frame to Lift the toycar with glossy finish using the left arm, drop it in the brown basket with woven ridges, then push the brown basket with woven ridges via the right arm."
episode931,shake_bottle,"In a fixed robotic workspace, generate a rigid, physically consistent embodied robotic arm. The arm maintains high stability with no deformation and enters the frame to Shake the curved orange soda bottle after holding it firmly."
episode932,move_stapler_pad,"In a fixed robotic workspace, generate a rigid, physically consistent embodied robotic arm. The arm maintains high stability with no deformation and enters the frame to Using the left arm, set the small stapler on the Black colored mat"
episode933,place_dual_shoes,"In a fixed robotic workspace, generate a rigid, physically consistent embodied robotic arm. The arm maintains high stability with no deformation and enters the frame to Put two the shoe with smooth top and grippy sole, tips to the left, into the medium-sized box with Nike swoosh."
episode934,click_alarmclock,"In a fixed robotic workspace, generate a rigid, physically consistent embodied robotic arm. The arm maintains high stability with no deformation and enters the frame to Use the left arm to press the center top of the palm-sized alarm-clock"
episode935,pick_dual_bottles,"In a fixed robotic workspace, generate a rigid, physically consistent embodied robotic arm. The arm maintains high stability with no deformation and enters the frame to Grasp the hand-sized soda bottle and the medium-sized green bottle with both arms."
episode936,dump_bin_bigbin,"In a fixed robotic workspace, generate a rigid, physically consistent embodied robotic arm. The arm maintains high stability with no deformation and enters the frame to Lift the bucket-shaped gray trashbin and pour balls into the bin."
episode937,place_container_plate,"In a fixed robotic workspace, generate a rigid, physically consistent embodied robotic arm. The arm maintains high stability with no deformation and enters the frame to Move the simple serving bowl and drop the container onto the round plate"
episode938,place_bread_skillet,"In a fixed robotic workspace, generate a rigid, physically consistent embodied robotic arm. The arm maintains high stability with no deformation and enters the frame to Take the light golden brown bread and place it inside the skillet with black cooking surface"
episode939,press_stapler,"In a fixed robotic workspace, generate a rigid, physically consistent embodied robotic arm. The arm maintains high stability with no deformation and enters the frame to Lower the small stapler using an arm"
episode940,blocks_ranking_rgb,"In a fixed robotic workspace, generate a rigid, physically consistent embodied robotic arm. The arm maintains high stability with no deformation and enters the frame to Arrange red block, green block, and blue block from left to right using the right arm, the left arm, and the left arm in the order red, green, blue."
episode941,scan_object,"In a fixed robotic workspace, generate a rigid, physically consistent embodied robotic arm. The arm maintains high stability with no deformation and enters the frame to the right arm holds the yellow and black code scanner, the left arm grabs the light beige tea-box, and scans the light beige tea-box with the yellow and black code scanner."
episode942,move_pillbottle_pad,"In a fixed robotic workspace, generate a rigid, physically consistent embodied robotic arm. The arm maintains high stability with no deformation and enters the frame to Move the bottle with bright orange top to the pad and release it there."
episode943,place_fan,"In a fixed robotic workspace, generate a rigid, physically consistent embodied robotic arm. The arm maintains high stability with no deformation and enters the frame to Pick the small handheld fan with the right arm, ensure it faces the robot, and put it on the Purple mat."
episode944,open_microwave,"In a fixed robotic workspace, generate a rigid, physically consistent embodied robotic arm. The arm maintains high stability with no deformation and enters the frame to Get the microwave with glossy dark gray finish open."
episode945,shake_bottle_horizontally,"In a fixed robotic workspace, generate a rigid, physically consistent embodied robotic arm. The arm maintains high stability with no deformation and enters the frame to Hold the bottle with blue cap and shake it side to side."
episode946,pick_diverse_bottles,"In a fixed robotic workspace, generate a rigid, physically consistent embodied robotic arm. The arm maintains high stability with no deformation and enters the frame to Grab and hold the bottle with flat sides and logo, then grab the plastic bottle with bright red color."
episode947,click_alarmclock,"In a fixed robotic workspace, generate a rigid, physically consistent embodied robotic arm. The arm maintains high stability with no deformation and enters the frame to the left arm activates the rounded square-shaped alarm clock by clicking the top button"
episode948,pick_diverse_bottles,"In a fixed robotic workspace, generate a rigid, physically consistent embodied robotic arm. The arm maintains high stability with no deformation and enters the frame to Grab the narrow-necked bottle with an arm, grab the medium green bottle next."
episode949,click_alarmclock,"In a fixed robotic workspace, generate a rigid, physically consistent embodied robotic arm. The arm maintains high stability with no deformation and enters the frame to Use the left arm to press the alarm-clock with buttons on side's top center button."
episode950,turn_switch,"In a fixed robotic workspace, generate a rigid, physically consistent embodied robotic arm. The arm maintains high stability with no deformation and enters the frame to Press the black switch carefully with the right arm"
episode951,open_microwave,"In a fixed robotic workspace, generate a rigid, physically consistent embodied robotic arm. The arm maintains high stability with no deformation and enters the frame to Pull the microwave with glossy dark gray finish's handle to open it."
episode952,put_object_cabinet,"In a fixed robotic workspace, generate a rigid, physically consistent embodied robotic arm. The arm maintains high stability with no deformation and enters the frame to Open the medium-sized cabinet's drawer and carefully drop the compact blue bar of soap into it."
episode953,lift_pot,"In a fixed robotic workspace, generate a rigid, physically consistent embodied robotic arm. The arm maintains high stability with no deformation and enters the frame to Hold the gray cylindrical metal kitchenpot firmly and lift it"
episode954,grab_roller,"In a fixed robotic workspace, generate a rigid, physically consistent embodied robotic arm. The arm maintains high stability with no deformation and enters the frame to Hold the smooth cylindrical roller from the table."
episode955,stamp_seal,"In a fixed robotic workspace, generate a rigid, physically consistent embodied robotic arm. The arm maintains high stability with no deformation and enters the frame to Press the rectangular stone seal with engraved top onto Brown with the right arm"
episode956,open_microwave,"In a fixed robotic workspace, generate a rigid, physically consistent embodied robotic arm. The arm maintains high stability with no deformation and enters the frame to Pull the handle of the microwave to open it."
episode957,turn_switch,"In a fixed robotic workspace, generate a rigid, physically consistent embodied robotic arm. The arm maintains high stability with no deformation and enters the frame to Click the hand-sized light beige switch to activate it"
episode958,place_phone_stand,"In a fixed robotic workspace, generate a rigid, physically consistent embodied robotic arm. The arm maintains high stability with no deformation and enters the frame to Move the phone with glass front and back onto the phonestand with slot."
episode959,handover_block,"In a fixed robotic workspace, generate a rigid, physically consistent embodied robotic arm. The arm maintains high stability with no deformation and enters the frame to With the left arm, grab the red block, pass it to the right, and set it on the blue pad."
episode960,scan_object,"In a fixed robotic workspace, generate a rigid, physically consistent embodied robotic arm. The arm maintains high stability with no deformation and enters the frame to Use the right arm to pick the scanner with gray accents, use the left arm to grab the compact beige box for tea, and scan the compact beige box for tea with the scanner with gray accents."
episode961,put_bottles_dustbin,"In a fixed robotic workspace, generate a rigid, physically consistent embodied robotic arm. The arm maintains high stability with no deformation and enters the frame to Pick the medium plastic bottle with tapered neck and move it into the plastic dustbin, repeat for the cylindrical bottle and the red-labeled soda bottle."
episode962,adjust_bottle,"In a fixed robotic workspace, generate a rigid, physically consistent embodied robotic arm. The arm maintains high stability with no deformation and enters the frame to Pick the bottle with rounded neck upright from the table"
episode963,stack_blocks_three,"In a fixed robotic workspace, generate a rigid, physically consistent embodied robotic arm. The arm maintains high stability with no deformation and enters the frame to Bring red block, green block, and blue block to the table's center and arrange them by stacking blue block over green block and green block over red block."
episode964,scan_object,"In a fixed robotic workspace, generate a rigid, physically consistent embodied robotic arm. The arm maintains high stability with no deformation and enters the frame to Hold the scanner with blue scanning area with the left arm and the smooth glossy tea-box with the right arm, then scan the smooth glossy tea-box using the scanner with blue scanning area."
episode965,move_playingcard_away,"In a fixed robotic workspace, generate a rigid, physically consistent embodied robotic arm. The arm maintains high stability with no deformation and enters the frame to Pick up the box with cards inside and move it away."
episode966,place_fan,"In a fixed robotic workspace, generate a rigid, physically consistent embodied robotic arm. The arm maintains high stability with no deformation and enters the frame to Pick the lightweight plastic adjustable fan, align it toward the robot, and drop it on the Magenta mat."
episode967,place_bread_basket,"In a fixed robotic workspace, generate a rigid, physically consistent embodied robotic arm. The arm maintains high stability with no deformation and enters the frame to Move the sponge-textured golden bread and the square-shaped bread at once into the beige basket with white grid design."
episode968,lift_pot,"In a fixed robotic workspace, generate a rigid, physically consistent embodied robotic arm. The arm maintains high stability with no deformation and enters the frame to Lift the medium-sized kitchenpot steadily using arms"
episode969,place_a2b_right,"In a fixed robotic workspace, generate a rigid, physically consistent embodied robotic arm. The arm maintains high stability with no deformation and enters the frame to Make sure the medium coffee-box is placed right of the white dome bell."
episode970,turn_switch,"In a fixed robotic workspace, generate a rigid, physically consistent embodied robotic arm. The arm maintains high stability with no deformation and enters the frame to Click the plastic switch with metal prongs with robotic precision"
episode971,place_phone_stand,"In a fixed robotic workspace, generate a rigid, physically consistent embodied robotic arm. The arm maintains high stability with no deformation and enters the frame to Take the silver-edged phone to the phonestand with curved edges."
episode972,place_object_scale,"In a fixed robotic workspace, generate a rigid, physically consistent embodied robotic arm. The arm maintains high stability with no deformation and enters the frame to Utilize the right arm to grab the mouse with buttons and wheel and place on the handheld electronicscale"
episode973,place_shoe,"In a fixed robotic workspace, generate a rigid, physically consistent embodied robotic arm. The arm maintains high stability with no deformation and enters the frame to Take the the rounded-toe gym shoe off the table and put it on the mat"
episode974,hanging_mug,"In a fixed robotic workspace, generate a rigid, physically consistent embodied robotic arm. The arm maintains high stability with no deformation and enters the frame to Take the black mug with smooth surface from the table, turn it, set it down, and attach it to the dark gray rack."
episode975,place_dual_shoes,"In a fixed robotic workspace, generate a rigid, physically consistent embodied robotic arm. The arm maintains high stability with no deformation and enters the frame to Take two the shoe with textured brown sole, ensure tips left, place in the orange shoe-box."
episode976,beat_block_hammer,"In a fixed robotic workspace, generate a rigid, physically consistent embodied robotic arm. The arm maintains high stability with no deformation and enters the frame to Grab the hammer with two-tone handle using the right arm then pound block"
episode977,place_fan,"In a fixed robotic workspace, generate a rigid, physically consistent embodied robotic arm. The arm maintains high stability with no deformation and enters the frame to Grab the white fan with the right arm, making sure it faces the robot on the Navy mat."
episode978,place_can_basket,"In a fixed robotic workspace, generate a rigid, physically consistent embodied robotic arm. The arm maintains high stability with no deformation and enters the frame to Use the right arm for the can with flat silver bottom, place the can with flat silver bottom in the basket with loop handle, and lift the basket with loop handle."
episode979,lift_pot,"In a fixed robotic workspace, generate a rigid, physically consistent embodied robotic arm. The arm maintains high stability with no deformation and enters the frame to Bring the smooth gray kitchenpot up together"
episode980,lift_pot,"In a fixed robotic workspace, generate a rigid, physically consistent embodied robotic arm. The arm maintains high stability with no deformation and enters the frame to Raise the gray kitchenpot with strong support"
episode981,click_alarmclock,"In a fixed robotic workspace, generate a rigid, physically consistent embodied robotic arm. The arm maintains high stability with no deformation and enters the frame to Tap the center button on the black alarm-clock."
episode982,beat_block_hammer,"In a fixed robotic workspace, generate a rigid, physically consistent embodied robotic arm. The arm maintains high stability with no deformation and enters the frame to Take the grippy handle hammer and strike the block"
episode983,beat_block_hammer,"In a fixed robotic workspace, generate a rigid, physically consistent embodied robotic arm. The arm maintains high stability with no deformation and enters the frame to Pick up the black and yellow hammer grip and use it on the block"
episode984,place_a2b_right,"In a fixed robotic workspace, generate a rigid, physically consistent embodied robotic arm. The arm maintains high stability with no deformation and enters the frame to Stick the printed tea box with lid on the fluffy bread with rectangular shape's right side"
episode985,place_fan,"In a fixed robotic workspace, generate a rigid, physically consistent embodied robotic arm. The arm maintains high stability with no deformation and enters the frame to Pick the fan with rounded rectangular body with the left arm and set it on the Olive mat facing the robot."
episode986,click_alarmclock,"In a fixed robotic workspace, generate a rigid, physically consistent embodied robotic arm. The arm maintains high stability with no deformation and enters the frame to Push the button on the small alarm-clock's top center."
episode987,place_container_plate,"In a fixed robotic workspace, generate a rigid, physically consistent embodied robotic arm. The arm maintains high stability with no deformation and enters the frame to Catch the container with the white cup and drop onto the round plate."
episode988,stack_blocks_two,"In a fixed robotic workspace, generate a rigid, physically consistent embodied robotic arm. The arm maintains high stability with no deformation and enters the frame to Place red block and green block centrally, then stack green block on red block."
episode989,press_stapler,"In a fixed robotic workspace, generate a rigid, physically consistent embodied robotic arm. The arm maintains high stability with no deformation and enters the frame to Push the handheld black stapler until it staples."
episode990,place_object_stand,"In a fixed robotic workspace, generate a rigid, physically consistent embodied robotic arm. The arm maintains high stability with no deformation and enters the frame to Use the left arm to position the plastic mouse on the displaystand with angled support."
episode991,click_bell,"In a fixed robotic workspace, generate a rigid, physically consistent embodied robotic arm. The arm maintains high stability with no deformation and enters the frame to Direct the right arm to touch the rounded bell with flat black part's top."
episode992,press_stapler,"In a fixed robotic workspace, generate a rigid, physically consistent embodied robotic arm. The arm maintains high stability with no deformation and enters the frame to Simply press the stapler the stapler with metallic staple slot downward."
episode993,grab_roller,"In a fixed robotic workspace, generate a rigid, physically consistent embodied robotic arm. The arm maintains high stability with no deformation and enters the frame to Lift the medium roller with narrower tips from the table."
episode994,lift_pot,"In a fixed robotic workspace, generate a rigid, physically consistent embodied robotic arm. The arm maintains high stability with no deformation and enters the frame to Hold the medium-sized kitchenpot firmly, then lift."
episode995,move_can_pot,"In a fixed robotic workspace, generate a rigid, physically consistent embodied robotic arm. The arm maintains high stability with no deformation and enters the frame to Pick the sauce can with flat bottom up and move it next to the medium kitchenpot made of metal"
episode996,move_playingcard_away,"In a fixed robotic workspace, generate a rigid, physically consistent embodied robotic arm. The arm maintains high stability with no deformation and enters the frame to Take the rectangle-shaped cards box and place it further outward."
episode997,press_stapler,"In a fixed robotic workspace, generate a rigid, physically consistent embodied robotic arm. The arm maintains high stability with no deformation and enters the frame to Apply pressure to the compact stapler using one arm the left arm."
episode998,beat_block_hammer,"In a fixed robotic workspace, generate a rigid, physically consistent embodied robotic arm. The arm maintains high stability with no deformation and enters the frame to Grab the black and yellow hammer grip with the right arm and strike block"
episode999,click_bell,"In a fixed robotic workspace, generate a rigid, physically consistent embodied robotic arm. The arm maintains high stability with no deformation and enters the frame to Guide the left arm to click the white bell's top center."
episode1000,place_object_basket,"In a fixed robotic workspace, generate a rigid, physically consistent embodied robotic arm. The arm maintains high stability with no deformation and enters the frame to Pick and move the blue top toycar, then shift the basket made of woven wood."
